-- phpMyAdmin SQL Dump
-- version 5.2.0
-- https://www.phpmyadmin.net/
--
-- Host: localhost:3306
-- Generation Time: Jan 07, 2026 at 06:38 AM
-- Server version: 8.0.30
-- PHP Version: 8.2.28

SET SQL_MODE = "NO_AUTO_VALUE_ON_ZERO";
START TRANSACTION;
SET time_zone = "+00:00";


/*!40101 SET @OLD_CHARACTER_SET_CLIENT=@@CHARACTER_SET_CLIENT */;
/*!40101 SET @OLD_CHARACTER_SET_RESULTS=@@CHARACTER_SET_RESULTS */;
/*!40101 SET @OLD_COLLATION_CONNECTION=@@COLLATION_CONNECTION */;
/*!40101 SET NAMES utf8mb4 */;

--
-- Database: `ujian_online`
--

-- --------------------------------------------------------

--
-- Table structure for table `failed_jobs`
--

CREATE TABLE `failed_jobs` (
  `id_failed_jobs` bigint UNSIGNED NOT NULL,
  `uuid` char(36) COLLATE utf8mb4_unicode_ci NOT NULL,
  `connection` text COLLATE utf8mb4_unicode_ci NOT NULL,
  `queue` text COLLATE utf8mb4_unicode_ci NOT NULL,
  `payload` longtext COLLATE utf8mb4_unicode_ci NOT NULL,
  `exception` longtext COLLATE utf8mb4_unicode_ci NOT NULL,
  `failed_at` timestamp NOT NULL DEFAULT CURRENT_TIMESTAMP
) ENGINE=InnoDB DEFAULT CHARSET=utf8mb4 COLLATE=utf8mb4_unicode_ci;

-- --------------------------------------------------------

--
-- Table structure for table `gurus`
--

CREATE TABLE `gurus` (
  `id_guru` varchar(255) COLLATE utf8mb4_unicode_ci NOT NULL,
  `nama` varchar(255) COLLATE utf8mb4_unicode_ci NOT NULL,
  `id_user` bigint UNSIGNED NOT NULL,
  `no_telp` varchar(255) COLLATE utf8mb4_unicode_ci DEFAULT NULL,
  `id_mata_pelajaran` bigint UNSIGNED NOT NULL,
  `created_at` timestamp NULL DEFAULT NULL,
  `updated_at` timestamp NULL DEFAULT NULL
) ENGINE=InnoDB DEFAULT CHARSET=utf8mb4 COLLATE=utf8mb4_unicode_ci;

--
-- Dumping data for table `gurus`
--

INSERT INTO `gurus` (`id_guru`, `nama`, `id_user`, `no_telp`, `id_mata_pelajaran`, `created_at`, `updated_at`) VALUES
('G001', 'Ustadz Ahmad Maulana', 4, '081234567801', 1, '2026-01-07 05:01:30', '2026-01-07 05:01:30'),
('G002', 'Budi Santoso, S.Pd', 5, '081234567802', 2, '2026-01-07 05:01:30', '2026-01-07 05:01:30'),
('G003', 'Siti Rahmawati, S.Pd', 6, '081234567803', 3, '2026-01-07 05:01:30', '2026-01-07 05:01:30'),
('G004', 'Drs. Widodo Hartono', 7, '081234567804', 4, '2026-01-07 05:01:30', '2026-01-07 05:01:30'),
('G005', 'Dewi Lestari, M.Pd', 8, '081234567805', 5, '2026-01-07 05:01:31', '2026-01-07 05:01:31'),
('G006', 'Agus Setiawan, S.Sos', 9, '081234567806', 6, '2026-01-07 05:01:31', '2026-01-07 05:01:31'),
('G007', 'Maria Ulfa, S.Pd', 10, '081234567807', 7, '2026-01-07 05:01:31', '2026-01-07 05:01:31'),
('G008', 'Eko Prasetyo, S.Kom', 11, '081234567808', 8, '2026-01-07 05:01:31', '2026-01-07 05:01:31'),
('G009', 'Hendra Gunawan, S.Or', 12, '081234567809', 9, '2026-01-07 05:01:32', '2026-01-07 05:01:32'),
('G010', 'Ratna Sari, S.Sn', 13, '081234567810', 10, '2026-01-07 05:01:32', '2026-01-07 05:01:32');

-- --------------------------------------------------------

--
-- Table structure for table `hasil_ujians`
--

CREATE TABLE `hasil_ujians` (
  `id_hasil_ujian` bigint UNSIGNED NOT NULL,
  `id_ujian` bigint UNSIGNED NOT NULL,
  `id_siswa` bigint UNSIGNED NOT NULL,
  `total_benar` int NOT NULL DEFAULT '0',
  `total_salah` int NOT NULL DEFAULT '0',
  `total_tidak_dijawab` int NOT NULL DEFAULT '0',
  `nilai` int NOT NULL DEFAULT '0',
  `created_at` timestamp NULL DEFAULT NULL,
  `updated_at` timestamp NULL DEFAULT NULL
) ENGINE=InnoDB DEFAULT CHARSET=utf8mb4 COLLATE=utf8mb4_unicode_ci;

-- --------------------------------------------------------

--
-- Table structure for table `jadwal_ujians`
--

CREATE TABLE `jadwal_ujians` (
  `id_jadwal_ujian` bigint UNSIGNED NOT NULL,
  `id_ujian` bigint UNSIGNED NOT NULL,
  `id_kelas` bigint UNSIGNED NOT NULL,
  `ruangan` varchar(255) COLLATE utf8mb4_unicode_ci DEFAULT NULL,
  `created_at` timestamp NULL DEFAULT NULL,
  `updated_at` timestamp NULL DEFAULT NULL
) ENGINE=InnoDB DEFAULT CHARSET=utf8mb4 COLLATE=utf8mb4_unicode_ci;

-- --------------------------------------------------------

--
-- Table structure for table `jawaban_siswa`
--

CREATE TABLE `jawaban_siswa` (
  `id_jawaban_siswa` bigint UNSIGNED NOT NULL,
  `id_ujian` bigint UNSIGNED NOT NULL,
  `id_siswa` bigint UNSIGNED NOT NULL,
  `id_soal` bigint UNSIGNED NOT NULL,
  `jawaban_siswa` varchar(255) COLLATE utf8mb4_unicode_ci DEFAULT NULL,
  `created_at` timestamp NULL DEFAULT NULL,
  `updated_at` timestamp NULL DEFAULT NULL
) ENGINE=InnoDB DEFAULT CHARSET=utf8mb4 COLLATE=utf8mb4_unicode_ci;

-- --------------------------------------------------------

--
-- Table structure for table `kelas`
--

CREATE TABLE `kelas` (
  `id_kelas` bigint UNSIGNED NOT NULL,
  `nama_kelas` varchar(255) COLLATE utf8mb4_unicode_ci NOT NULL,
  `created_at` timestamp NULL DEFAULT NULL,
  `updated_at` timestamp NULL DEFAULT NULL
) ENGINE=InnoDB DEFAULT CHARSET=utf8mb4 COLLATE=utf8mb4_unicode_ci;

--
-- Dumping data for table `kelas`
--

INSERT INTO `kelas` (`id_kelas`, `nama_kelas`, `created_at`, `updated_at`) VALUES
(1, '7A', '2026-01-07 05:01:32', '2026-01-07 05:01:32'),
(2, '7B', '2026-01-07 05:01:32', '2026-01-07 05:01:32'),
(3, '7C', '2026-01-07 05:01:32', '2026-01-07 05:01:32'),
(4, '7D', '2026-01-07 05:01:32', '2026-01-07 05:01:32'),
(5, '7E', '2026-01-07 05:01:32', '2026-01-07 05:01:32'),
(6, '8A', '2026-01-07 05:01:32', '2026-01-07 05:01:32'),
(7, '8B', '2026-01-07 05:01:32', '2026-01-07 05:01:32'),
(8, '8C', '2026-01-07 05:01:32', '2026-01-07 05:01:32'),
(9, '8D', '2026-01-07 05:01:32', '2026-01-07 05:01:32'),
(10, '8E', '2026-01-07 05:01:32', '2026-01-07 05:01:32'),
(11, '9A', '2026-01-07 05:01:32', '2026-01-07 05:01:32'),
(12, '9B', '2026-01-07 05:01:32', '2026-01-07 05:01:32'),
(13, '9C', '2026-01-07 05:01:32', '2026-01-07 05:01:32'),
(14, '9D', '2026-01-07 05:01:32', '2026-01-07 05:01:32'),
(15, '9E', '2026-01-07 05:01:32', '2026-01-07 05:01:32');

-- --------------------------------------------------------

--
-- Table structure for table `laporan_ujian`
--

CREATE TABLE `laporan_ujian` (
  `id_laporan_ujian` bigint UNSIGNED NOT NULL,
  `id_hasil_ujian` bigint UNSIGNED NOT NULL,
  `laporan` text COLLATE utf8mb4_unicode_ci NOT NULL,
  `created_at` timestamp NULL DEFAULT NULL,
  `updated_at` timestamp NULL DEFAULT NULL
) ENGINE=InnoDB DEFAULT CHARSET=utf8mb4 COLLATE=utf8mb4_unicode_ci;

-- --------------------------------------------------------

--
-- Table structure for table `login_activities`
--

CREATE TABLE `login_activities` (
  `id` bigint UNSIGNED NOT NULL,
  `id_user` bigint UNSIGNED NOT NULL,
  `id_role` bigint UNSIGNED NOT NULL,
  `login_at` timestamp NOT NULL DEFAULT CURRENT_TIMESTAMP,
  `ip_address` varchar(45) COLLATE utf8mb4_unicode_ci DEFAULT NULL,
  `created_at` timestamp NULL DEFAULT NULL,
  `updated_at` timestamp NULL DEFAULT NULL
) ENGINE=InnoDB DEFAULT CHARSET=utf8mb4 COLLATE=utf8mb4_unicode_ci;

-- --------------------------------------------------------

--
-- Table structure for table `mata_pelajaran`
--

CREATE TABLE `mata_pelajaran` (
  `id_mata_pelajaran` bigint UNSIGNED NOT NULL,
  `nama_mapel` varchar(255) COLLATE utf8mb4_unicode_ci NOT NULL,
  `created_at` timestamp NULL DEFAULT NULL,
  `updated_at` timestamp NULL DEFAULT NULL
) ENGINE=InnoDB DEFAULT CHARSET=utf8mb4 COLLATE=utf8mb4_unicode_ci;

--
-- Dumping data for table `mata_pelajaran`
--

INSERT INTO `mata_pelajaran` (`id_mata_pelajaran`, `nama_mapel`, `created_at`, `updated_at`) VALUES
(1, 'Pendidikan Agama dan Budi Pekerti', '2026-01-07 05:01:30', '2026-01-07 05:01:30'),
(2, 'PPKN', '2026-01-07 05:01:30', '2026-01-07 05:01:30'),
(3, 'Bahasa Indonesia', '2026-01-07 05:01:30', '2026-01-07 05:01:30'),
(4, 'Matematika', '2026-01-07 05:01:30', '2026-01-07 05:01:30'),
(5, 'IPA', '2026-01-07 05:01:30', '2026-01-07 05:01:30'),
(6, 'IPS', '2026-01-07 05:01:30', '2026-01-07 05:01:30'),
(7, 'Bahasa Inggris', '2026-01-07 05:01:30', '2026-01-07 05:01:30'),
(8, 'Informatika', '2026-01-07 05:01:30', '2026-01-07 05:01:30'),
(9, 'PJOK', '2026-01-07 05:01:30', '2026-01-07 05:01:30'),
(10, 'Seni Budaya', '2026-01-07 05:01:30', '2026-01-07 05:01:30');

-- --------------------------------------------------------

--
-- Table structure for table `migrations`
--

CREATE TABLE `migrations` (
  `id` int UNSIGNED NOT NULL,
  `migration` varchar(255) COLLATE utf8mb4_unicode_ci NOT NULL,
  `batch` int NOT NULL
) ENGINE=InnoDB DEFAULT CHARSET=utf8mb4 COLLATE=utf8mb4_unicode_ci;

--
-- Dumping data for table `migrations`
--

INSERT INTO `migrations` (`id`, `migration`, `batch`) VALUES
(1, '2014_10_12_100000_create_password_reset_tokens_table', 1),
(2, '2019_08_19_000000_create_failed_jobs_table', 1),
(3, '2019_12_14_000001_create_personal_access_tokens_table', 1),
(4, '2025_10_01_000000_create_roles_table', 1),
(5, '2025_10_01_000001_create_users_table', 1),
(6, '2025_10_17_192206_create_kelas_table', 1),
(7, '2025_10_17_192222_create_mata_pelajaran_table', 1),
(8, '2025_10_17_192233_create_guru_table', 1),
(9, '2025_10_17_192234_create_siswa_table', 1),
(10, '2025_10_17_192247_create_ujians_table', 1),
(11, '2025_10_17_192302_create_soal_table', 1),
(12, '2025_10_17_192404_create_jawaban_table', 1),
(13, '2025_10_17_192432_create_nilai_ujian_table', 1),
(14, '2025_10_17_192532_create_jadwal_ujian_table', 1),
(15, '2025_10_17_192548_create_pengumuman_table', 1),
(16, '2025_11_26_120006_create_hasil_ujians_table', 1),
(17, '2025_11_26_120107_create_laporan_ujian_table', 1),
(18, '2025_11_26_123029_create_permissions_table', 1),
(19, '2025_11_26_123051_create_role_permission_table', 1),
(20, '2025_11_28_171109_add_nisn_to_siswas_table', 1),
(21, '2025_12_07_163102_create_login_activities_table', 1);

-- --------------------------------------------------------

--
-- Table structure for table `nilai_ujian`
--

CREATE TABLE `nilai_ujian` (
  `id_nilai_ujian` bigint UNSIGNED NOT NULL,
  `id_ujian` bigint UNSIGNED NOT NULL,
  `id_siswa` bigint UNSIGNED NOT NULL,
  `total_benar` int DEFAULT NULL,
  `total_salah` int DEFAULT NULL,
  `nilai` int DEFAULT NULL,
  `created_at` timestamp NULL DEFAULT NULL,
  `updated_at` timestamp NULL DEFAULT NULL
) ENGINE=InnoDB DEFAULT CHARSET=utf8mb4 COLLATE=utf8mb4_unicode_ci;

-- --------------------------------------------------------

--
-- Table structure for table `password_reset_tokens`
--

CREATE TABLE `password_reset_tokens` (
  `email` varchar(255) COLLATE utf8mb4_unicode_ci NOT NULL,
  `token` varchar(255) COLLATE utf8mb4_unicode_ci NOT NULL,
  `created_at` timestamp NULL DEFAULT NULL
) ENGINE=InnoDB DEFAULT CHARSET=utf8mb4 COLLATE=utf8mb4_unicode_ci;

-- --------------------------------------------------------

--
-- Table structure for table `pengumuman`
--

CREATE TABLE `pengumuman` (
  `id_pengumuman` bigint UNSIGNED NOT NULL,
  `judul` varchar(255) COLLATE utf8mb4_unicode_ci NOT NULL,
  `isi` text COLLATE utf8mb4_unicode_ci NOT NULL,
  `created_at` timestamp NULL DEFAULT NULL,
  `updated_at` timestamp NULL DEFAULT NULL
) ENGINE=InnoDB DEFAULT CHARSET=utf8mb4 COLLATE=utf8mb4_unicode_ci;

-- --------------------------------------------------------

--
-- Table structure for table `permissions`
--

CREATE TABLE `permissions` (
  `id_permission` bigint UNSIGNED NOT NULL,
  `nama_permission` varchar(100) COLLATE utf8mb4_unicode_ci NOT NULL,
  `created_at` timestamp NULL DEFAULT NULL,
  `updated_at` timestamp NULL DEFAULT NULL
) ENGINE=InnoDB DEFAULT CHARSET=utf8mb4 COLLATE=utf8mb4_unicode_ci;

--
-- Dumping data for table `permissions`
--

INSERT INTO `permissions` (`id_permission`, `nama_permission`, `created_at`, `updated_at`) VALUES
(1, 'kelola_users', '2026-01-07 05:01:29', '2026-01-07 05:01:29'),
(2, 'kelola_guru', '2026-01-07 05:01:29', '2026-01-07 05:01:29'),
(3, 'kelola_siswa', '2026-01-07 05:01:29', '2026-01-07 05:01:29'),
(4, 'kelola_kelas', '2026-01-07 05:01:29', '2026-01-07 05:01:29'),
(5, 'kelola_mata_pelajaran', '2026-01-07 05:01:29', '2026-01-07 05:01:29'),
(6, 'buat_ujian', '2026-01-07 05:01:29', '2026-01-07 05:01:29'),
(7, 'edit_ujian', '2026-01-07 05:01:29', '2026-01-07 05:01:29'),
(8, 'hapus_ujian', '2026-01-07 05:01:29', '2026-01-07 05:01:29'),
(9, 'input_nilai', '2026-01-07 05:01:29', '2026-01-07 05:01:29'),
(10, 'lihat_daftar_siswa', '2026-01-07 05:01:29', '2026-01-07 05:01:29'),
(11, 'lihat_jadwal_ujian', '2026-01-07 05:01:29', '2026-01-07 05:01:29'),
(12, 'kerjakan_ujian', '2026-01-07 05:01:29', '2026-01-07 05:01:29'),
(13, 'lihat_hasil_nilai', '2026-01-07 05:01:29', '2026-01-07 05:01:29');

-- --------------------------------------------------------

--
-- Table structure for table `personal_access_tokens`
--

CREATE TABLE `personal_access_tokens` (
  `id_personal_access_token` bigint UNSIGNED NOT NULL,
  `tokenable_type` varchar(255) COLLATE utf8mb4_unicode_ci NOT NULL,
  `tokenable_id` bigint UNSIGNED NOT NULL,
  `name` varchar(255) COLLATE utf8mb4_unicode_ci NOT NULL,
  `token` varchar(64) COLLATE utf8mb4_unicode_ci NOT NULL,
  `abilities` text COLLATE utf8mb4_unicode_ci,
  `last_used_at` timestamp NULL DEFAULT NULL,
  `expires_at` timestamp NULL DEFAULT NULL,
  `created_at` timestamp NULL DEFAULT NULL,
  `updated_at` timestamp NULL DEFAULT NULL
) ENGINE=InnoDB DEFAULT CHARSET=utf8mb4 COLLATE=utf8mb4_unicode_ci;

-- --------------------------------------------------------

--
-- Table structure for table `roles`
--

CREATE TABLE `roles` (
  `id_role` bigint UNSIGNED NOT NULL,
  `nama_role` varchar(100) COLLATE utf8mb4_unicode_ci NOT NULL,
  `created_at` timestamp NULL DEFAULT NULL,
  `updated_at` timestamp NULL DEFAULT NULL
) ENGINE=InnoDB DEFAULT CHARSET=utf8mb4 COLLATE=utf8mb4_unicode_ci;

--
-- Dumping data for table `roles`
--

INSERT INTO `roles` (`id_role`, `nama_role`, `created_at`, `updated_at`) VALUES
(1, 'Admin', '2026-01-07 05:01:29', '2026-01-07 05:01:29'),
(2, 'Guru', '2026-01-07 05:01:29', '2026-01-07 05:01:29'),
(3, 'Siswa', '2026-01-07 05:01:29', '2026-01-07 05:01:29');

-- --------------------------------------------------------

--
-- Table structure for table `role_permission`
--

CREATE TABLE `role_permission` (
  `id_role_permission` bigint UNSIGNED NOT NULL,
  `id_role` bigint UNSIGNED NOT NULL,
  `id_permission` bigint UNSIGNED NOT NULL,
  `created_at` timestamp NULL DEFAULT NULL,
  `updated_at` timestamp NULL DEFAULT NULL
) ENGINE=InnoDB DEFAULT CHARSET=utf8mb4 COLLATE=utf8mb4_unicode_ci;

--
-- Dumping data for table `role_permission`
--

INSERT INTO `role_permission` (`id_role_permission`, `id_role`, `id_permission`, `created_at`, `updated_at`) VALUES
(1, 1, 1, NULL, NULL),
(2, 1, 2, NULL, NULL),
(3, 1, 3, NULL, NULL),
(4, 1, 4, NULL, NULL),
(5, 1, 5, NULL, NULL),
(6, 1, 6, NULL, NULL),
(7, 1, 7, NULL, NULL),
(8, 1, 8, NULL, NULL),
(9, 1, 9, NULL, NULL),
(10, 1, 10, NULL, NULL),
(11, 1, 11, NULL, NULL),
(12, 1, 12, NULL, NULL),
(13, 1, 13, NULL, NULL),
(14, 2, 6, NULL, NULL),
(15, 2, 7, NULL, NULL),
(16, 2, 8, NULL, NULL),
(17, 2, 9, NULL, NULL),
(18, 2, 10, NULL, NULL),
(19, 3, 11, NULL, NULL),
(20, 3, 12, NULL, NULL),
(21, 3, 13, NULL, NULL);

-- --------------------------------------------------------

--
-- Table structure for table `siswas`
--

CREATE TABLE `siswas` (
  `id_siswa` bigint UNSIGNED NOT NULL,
  `nama` varchar(255) COLLATE utf8mb4_unicode_ci NOT NULL,
  `nisn` varchar(10) COLLATE utf8mb4_unicode_ci NOT NULL,
  `no_telp` varchar(255) COLLATE utf8mb4_unicode_ci DEFAULT NULL,
  `id_user` bigint UNSIGNED NOT NULL,
  `id_kelas` bigint UNSIGNED NOT NULL,
  `created_at` timestamp NULL DEFAULT NULL,
  `updated_at` timestamp NULL DEFAULT NULL
) ENGINE=InnoDB DEFAULT CHARSET=utf8mb4 COLLATE=utf8mb4_unicode_ci;

--
-- Dumping data for table `siswas`
--

INSERT INTO `siswas` (`id_siswa`, `nama`, `nisn`, `no_telp`, `id_user`, `id_kelas`, `created_at`, `updated_at`) VALUES
(1, 'Jasmine Azzahra', '9728424183', '081221353794', 14, 1, '2026-01-07 05:01:32', '2026-01-07 05:01:32'),
(2, 'Nani Safitri', '5050580021', '081291418062', 15, 1, '2026-01-07 05:01:32', '2026-01-07 05:01:32'),
(3, 'Ardi Prasetyo', '6228821800', '081243067867', 16, 1, '2026-01-07 05:01:33', '2026-01-07 05:01:33'),
(4, 'Novi Marlina', '9349439637', '081239426815', 17, 1, '2026-01-07 05:01:33', '2026-01-07 05:01:33'),
(5, 'Citra Dewi', '9704922487', '081291922123', 18, 1, '2026-01-07 05:01:33', '2026-01-07 05:01:33'),
(6, 'Vivi Anggraini', '7447950099', '081265043668', 19, 1, '2026-01-07 05:01:33', '2026-01-07 05:01:33'),
(7, 'Kiki Marlina', '6212970999', '081223623991', 20, 1, '2026-01-07 05:01:34', '2026-01-07 05:01:34'),
(8, 'Kevin Anggara', '6179198130', '081298772878', 21, 1, '2026-01-07 05:01:34', '2026-01-07 05:01:34'),
(9, 'Peni Kusuma', '3075858789', '081279480870', 22, 1, '2026-01-07 05:01:34', '2026-01-07 05:01:34'),
(10, 'Sinta Dewi', '9731403017', '081270280358', 23, 1, '2026-01-07 05:01:34', '2026-01-07 05:01:34'),
(11, 'Oki Setiawan', '5199009264', '081251698474', 24, 1, '2026-01-07 05:01:34', '2026-01-07 05:01:34'),
(12, 'Vira Maharani', '2014272433', '081265001009', 25, 1, '2026-01-07 05:01:35', '2026-01-07 05:01:35'),
(13, 'Fina Rahmawati', '9449634874', '081252827122', 26, 1, '2026-01-07 05:01:35', '2026-01-07 05:01:35'),
(14, 'Eko Ramadhan', '6393089878', '081210504405', 27, 1, '2026-01-07 05:01:35', '2026-01-07 05:01:35'),
(15, 'Wulan Safitri', '5492921798', '081292408542', 28, 1, '2026-01-07 05:01:35', '2026-01-07 05:01:35'),
(16, 'Irfan Maulana', '9623029303', '081284684772', 29, 2, '2026-01-07 05:01:36', '2026-01-07 05:01:36'),
(17, 'Vera Marlina', '1828361303', '081231065803', 30, 2, '2026-01-07 05:01:36', '2026-01-07 05:01:36'),
(18, 'Siti Rahayu', '6820997995', '081281633061', 31, 2, '2026-01-07 05:01:36', '2026-01-07 05:01:36'),
(19, 'Nani Lestari', '5801120948', '081221697477', 32, 2, '2026-01-07 05:01:36', '2026-01-07 05:01:36'),
(20, 'Zahra Amelia', '5527893859', '081245047674', 33, 2, '2026-01-07 05:01:37', '2026-01-07 05:01:37'),
(21, 'Ika Fitriani', '5757560706', '081221723645', 34, 2, '2026-01-07 05:01:37', '2026-01-07 05:01:37'),
(22, 'Ima Rahmawati', '7291533676', '081293520880', 35, 2, '2026-01-07 05:01:37', '2026-01-07 05:01:37'),
(23, 'Eko Setiawan', '1576885979', '081265475257', 36, 2, '2026-01-07 05:01:37', '2026-01-07 05:01:37'),
(24, 'Fani Wulandari', '6798416434', '081259502709', 37, 2, '2026-01-07 05:01:37', '2026-01-07 05:01:37'),
(25, 'Ahmad Fauzi', '6064588097', '081254832079', 38, 2, '2026-01-07 05:01:38', '2026-01-07 05:01:38'),
(26, 'Dini Handayani', '3401690259', '081273407598', 39, 2, '2026-01-07 05:01:38', '2026-01-07 05:01:38'),
(27, 'Fero Andika', '4303226491', '081297845638', 40, 2, '2026-01-07 05:01:38', '2026-01-07 05:01:38'),
(28, 'Yuki Permata', '6596431314', '081211920334', 41, 2, '2026-01-07 05:01:38', '2026-01-07 05:01:38'),
(29, 'Pandu Setiawan', '9977864350', '081287863163', 42, 2, '2026-01-07 05:01:39', '2026-01-07 05:01:39'),
(30, 'Oki Firmansyah', '6676755456', '081274309596', 43, 2, '2026-01-07 05:01:39', '2026-01-07 05:01:39'),
(31, 'Bima Pratama', '7962834441', '081235049033', 44, 3, '2026-01-07 05:01:39', '2026-01-07 05:01:39'),
(32, 'Agung Saputra', '7221724471', '081286369408', 45, 3, '2026-01-07 05:01:39', '2026-01-07 05:01:39'),
(33, 'Yanti Lestari', '4377582534', '081229576181', 46, 3, '2026-01-07 05:01:40', '2026-01-07 05:01:40'),
(34, 'Sandi Firmansyah', '5560154925', '081273765245', 47, 3, '2026-01-07 05:01:40', '2026-01-07 05:01:40'),
(35, 'Maman Gunawan', '7989400876', '081242143746', 48, 3, '2026-01-07 05:01:40', '2026-01-07 05:01:40'),
(36, 'Hani Fadillah', '8219888616', '081214601335', 49, 3, '2026-01-07 05:01:40', '2026-01-07 05:01:40'),
(37, 'Heru Gunawan', '4229309962', '081292531993', 50, 3, '2026-01-07 05:01:40', '2026-01-07 05:01:40'),
(38, 'Xavier Wijaya', '5787452050', '081288678689', 51, 3, '2026-01-07 05:01:41', '2026-01-07 05:01:41'),
(39, 'Fajar Nugroho', '1288828420', '081279453609', 52, 3, '2026-01-07 05:01:41', '2026-01-07 05:01:41'),
(40, 'Vicky Setiawan', '6380977483', '081278171963', 53, 3, '2026-01-07 05:01:41', '2026-01-07 05:01:41'),
(41, 'Joko Prasetyo', '2894219151', '081271605448', 54, 3, '2026-01-07 05:01:41', '2026-01-07 05:01:41'),
(42, 'Tania Nadira', '4421776437', '081264611593', 55, 3, '2026-01-07 05:01:42', '2026-01-07 05:01:42'),
(43, 'Lina Handayani', '5524567677', '081261400688', 56, 3, '2026-01-07 05:01:42', '2026-01-07 05:01:42'),
(44, 'Wulan Sari', '9991274968', '081218326757', 57, 3, '2026-01-07 05:01:42', '2026-01-07 05:01:42'),
(45, 'Zahra Fadillah', '9577868848', '081253980112', 58, 3, '2026-01-07 05:01:42', '2026-01-07 05:01:42'),
(46, 'Odi Ramadhan', '7669526894', '081239221258', 59, 4, '2026-01-07 05:01:43', '2026-01-07 05:01:43'),
(47, 'Eka Handayani', '9889726747', '081288250245', 60, 4, '2026-01-07 05:01:43', '2026-01-07 05:01:43'),
(48, 'Yanto Wijaya', '3589449692', '081291700320', 61, 4, '2026-01-07 05:01:43', '2026-01-07 05:01:43'),
(49, 'Lani Kusuma', '7718783251', '081214807262', 62, 4, '2026-01-07 05:01:43', '2026-01-07 05:01:43'),
(50, 'Oki Ramadhan', '7527009893', '081281495588', 63, 4, '2026-01-07 05:01:44', '2026-01-07 05:01:44'),
(51, 'Gina Marlina', '6815689590', '081234399956', 64, 4, '2026-01-07 05:01:44', '2026-01-07 05:01:44'),
(52, 'Cici Rahmawati', '1710492792', '081227744445', 65, 4, '2026-01-07 05:01:44', '2026-01-07 05:01:44'),
(53, 'Edi Prasetyo', '7965013030', '081248397898', 66, 4, '2026-01-07 05:01:44', '2026-01-07 05:01:44'),
(54, 'Puti Safitri', '8286815065', '081217189882', 67, 4, '2026-01-07 05:01:44', '2026-01-07 05:01:44'),
(55, 'Iwan Setiawan', '2354401394', '081293887592', 68, 4, '2026-01-07 05:01:45', '2026-01-07 05:01:45'),
(56, 'Andi Wijaya', '3627467057', '081216359737', 69, 4, '2026-01-07 05:01:45', '2026-01-07 05:01:45'),
(57, 'Zaki Setiawan', '1222460863', '081226670905', 70, 4, '2026-01-07 05:01:45', '2026-01-07 05:01:45'),
(58, 'Indah Permatasari', '2850670083', '081215468184', 71, 4, '2026-01-07 05:01:45', '2026-01-07 05:01:45'),
(59, 'Jono Wijaya', '3460160118', '081267191351', 72, 4, '2026-01-07 05:01:46', '2026-01-07 05:01:46'),
(60, 'Cahya Rahman', '2074134027', '081213278452', 73, 4, '2026-01-07 05:01:46', '2026-01-07 05:01:46'),
(61, 'Andi Maulana', '4601930771', '081213215601', 74, 5, '2026-01-07 05:01:46', '2026-01-07 05:01:46'),
(62, 'Mira Handayani', '3056228143', '081286977509', 75, 5, '2026-01-07 05:01:46', '2026-01-07 05:01:46'),
(63, 'Yoga Saputra', '9600454784', '081267933908', 76, 5, '2026-01-07 05:01:47', '2026-01-07 05:01:47'),
(64, 'Zulfa Hidayati', '6748170299', '081276929180', 77, 5, '2026-01-07 05:01:47', '2026-01-07 05:01:47'),
(65, 'Widi Saputra', '3724344970', '081285793897', 78, 5, '2026-01-07 05:01:47', '2026-01-07 05:01:47'),
(66, 'Raden Wijaya', '8977530811', '081274932645', 79, 5, '2026-01-07 05:01:47', '2026-01-07 05:01:47'),
(67, 'Candra Wijaya', '9002825614', '081254500311', 80, 5, '2026-01-07 05:01:47', '2026-01-07 05:01:47'),
(68, 'Rafli Ahmad', '4466022799', '081239851048', 81, 5, '2026-01-07 05:01:48', '2026-01-07 05:01:48'),
(69, 'Galuh Permata', '8152845354', '081271993786', 82, 5, '2026-01-07 05:01:48', '2026-01-07 05:01:48'),
(70, 'Sigit Prasetyo', '7388652008', '081213361057', 83, 5, '2026-01-07 05:01:48', '2026-01-07 05:01:48'),
(71, 'Eza Maulana', '3332802670', '081286442659', 84, 5, '2026-01-07 05:01:48', '2026-01-07 05:01:48'),
(72, 'Wawan Kurniawan', '7275653473', '081282428465', 85, 5, '2026-01-07 05:01:49', '2026-01-07 05:01:49'),
(73, 'Rizki Ramadhan', '4756665505', '081275168448', 86, 5, '2026-01-07 05:01:49', '2026-01-07 05:01:49'),
(74, 'Bella Rahmawati', '3217621392', '081220619959', 87, 5, '2026-01-07 05:01:49', '2026-01-07 05:01:49'),
(75, 'Qori Fadillah', '6420817652', '081240674846', 88, 5, '2026-01-07 05:01:49', '2026-01-07 05:01:49'),
(76, 'Iqbal Maulana', '6134354103', '081299976207', 89, 6, '2026-01-07 05:01:50', '2026-01-07 05:01:50'),
(77, 'Bulan Permata', '7912441806', '081251322275', 90, 6, '2026-01-07 05:01:50', '2026-01-07 05:01:50'),
(78, 'Gani Setiawan', '9865581552', '081227657913', 91, 6, '2026-01-07 05:01:50', '2026-01-07 05:01:50'),
(79, 'Joni Saputra', '8487693563', '081257372004', 92, 6, '2026-01-07 05:01:50', '2026-01-07 05:01:50'),
(80, 'Desi Safitri', '8202589776', '081263019190', 93, 6, '2026-01-07 05:01:51', '2026-01-07 05:01:51'),
(81, 'Uci Rahmawati', '1617230055', '081218317701', 94, 6, '2026-01-07 05:01:51', '2026-01-07 05:01:51'),
(82, 'Randi Pratama', '2336696338', '081222179633', 95, 6, '2026-01-07 05:01:51', '2026-01-07 05:01:51'),
(83, 'Hadi Kurniawan', '7331460750', '081228237710', 96, 6, '2026-01-07 05:01:51', '2026-01-07 05:01:51'),
(84, 'Kiki Rahmawati', '1678871288', '081269387934', 97, 6, '2026-01-07 05:01:52', '2026-01-07 05:01:52'),
(85, 'Umi Kalsum', '2327704193', '081220781477', 98, 6, '2026-01-07 05:01:52', '2026-01-07 05:01:52'),
(86, 'Hana Safitri', '5772092108', '081248307019', 99, 6, '2026-01-07 05:01:52', '2026-01-07 05:01:52'),
(87, 'Sari Rahmawati', '2374889772', '081289758761', 100, 6, '2026-01-07 05:01:52', '2026-01-07 05:01:52'),
(88, 'Vira Handayani', '1111214712', '081224730254', 101, 6, '2026-01-07 05:01:53', '2026-01-07 05:01:53'),
(89, 'Olivia Putri', '9115012507', '081215304189', 102, 6, '2026-01-07 05:01:53', '2026-01-07 05:01:53'),
(90, 'Ela Silviana', '9854602672', '081298481425', 103, 6, '2026-01-07 05:01:53', '2026-01-07 05:01:53'),
(91, 'Maya Anggraini', '4276967924', '081272892444', 104, 7, '2026-01-07 05:01:53', '2026-01-07 05:01:53'),
(92, 'Santi Rahmawati', '5766523853', '081263409320', 105, 7, '2026-01-07 05:01:54', '2026-01-07 05:01:54'),
(93, 'Jeni Wulandari', '3279543074', '081245185234', 106, 7, '2026-01-07 05:01:54', '2026-01-07 05:01:54'),
(94, 'Hendra Gunawan', '8048019209', '081298168423', 107, 7, '2026-01-07 05:01:54', '2026-01-07 05:01:54'),
(95, 'Lukman Hakim', '4253861456', '081229365946', 108, 7, '2026-01-07 05:01:54', '2026-01-07 05:01:54'),
(96, 'Meli Kusuma', '9057605124', '081251527812', 109, 7, '2026-01-07 05:01:55', '2026-01-07 05:01:55'),
(97, 'Dinda Lestari', '9180295271', '081265583097', 110, 7, '2026-01-07 05:01:55', '2026-01-07 05:01:55'),
(98, 'Zaskia Nurhaliza', '1526976681', '081221696834', 111, 7, '2026-01-07 05:01:55', '2026-01-07 05:01:55'),
(99, 'Muhammad Hasan', '6656919561', '081273470349', 112, 7, '2026-01-07 05:01:55', '2026-01-07 05:01:55'),
(100, 'Jihan Safitri', '3822138908', '081227670869', 113, 7, '2026-01-07 05:01:56', '2026-01-07 05:01:56'),
(101, 'Ari Setiawan', '2205087665', '081235023874', 114, 7, '2026-01-07 05:01:56', '2026-01-07 05:01:56'),
(102, 'Wahyu Hidayat', '3757947317', '081256406877', 115, 7, '2026-01-07 05:01:56', '2026-01-07 05:01:56'),
(103, 'Ulfa Rahmawati', '4954816650', '081259958547', 116, 7, '2026-01-07 05:01:56', '2026-01-07 05:01:56'),
(104, 'Dani Gunawan', '8625823372', '081297478915', 117, 7, '2026-01-07 05:01:57', '2026-01-07 05:01:57'),
(105, 'Karina Aini', '1048697818', '081269293993', 118, 7, '2026-01-07 05:01:57', '2026-01-07 05:01:57'),
(106, 'Riki Firmansyah', '1162145302', '081249525040', 119, 8, '2026-01-07 05:01:57', '2026-01-07 05:01:57'),
(107, 'Farida Aini', '2913113366', '081237239642', 120, 8, '2026-01-07 05:01:57', '2026-01-07 05:01:57'),
(108, 'Lukas Adrianto', '9345410902', '081292062671', 121, 8, '2026-01-07 05:01:58', '2026-01-07 05:01:58'),
(109, 'Nisa Sabrina', '1116150038', '081228546232', 122, 8, '2026-01-07 05:01:58', '2026-01-07 05:01:58'),
(110, 'Omar Hakim', '5530748327', '081233908100', 123, 8, '2026-01-07 05:01:58', '2026-01-07 05:01:58'),
(111, 'Koko Pratama', '5361550972', '081221655127', 124, 8, '2026-01-07 05:01:58', '2026-01-07 05:01:58'),
(112, 'Andi Saputra', '3795481973', '081225068407', 125, 8, '2026-01-07 05:01:58', '2026-01-07 05:01:58'),
(113, 'Nanda Pratama', '1833442629', '081224950167', 126, 8, '2026-01-07 05:01:59', '2026-01-07 05:01:59'),
(114, 'Wati Kusuma', '7719107674', '081235124107', 127, 8, '2026-01-07 05:01:59', '2026-01-07 05:01:59'),
(115, 'Feri Saputra', '7250463008', '081271309942', 128, 8, '2026-01-07 05:01:59', '2026-01-07 05:01:59'),
(116, 'Beni Prasetyo', '9567310867', '081249302663', 129, 8, '2026-01-07 05:01:59', '2026-01-07 05:01:59'),
(117, 'Dedi Kurniawan', '9943895260', '081265073285', 130, 8, '2026-01-07 05:02:00', '2026-01-07 05:02:00'),
(118, 'Mita Sari', '8213160688', '081230154437', 131, 8, '2026-01-07 05:02:00', '2026-01-07 05:02:00'),
(119, 'Genta Ramadhan', '5917607303', '081232089673', 132, 8, '2026-01-07 05:02:00', '2026-01-07 05:02:00'),
(120, 'Lani Fadillah', '3536362171', '081256696147', 133, 8, '2026-01-07 05:02:00', '2026-01-07 05:02:00'),
(121, 'Galih Prasetyo', '5437085090', '081220915822', 134, 9, '2026-01-07 05:02:01', '2026-01-07 05:02:01'),
(122, 'Udin Setiawan', '4144201371', '081241726488', 135, 9, '2026-01-07 05:02:01', '2026-01-07 05:02:01'),
(123, 'Diana Putri', '1350139910', '081286728262', 136, 9, '2026-01-07 05:02:01', '2026-01-07 05:02:01'),
(124, 'Nina Marlina', '4401039220', '081275111754', 137, 9, '2026-01-07 05:02:01', '2026-01-07 05:02:01'),
(125, 'Joko Susanto', '5724100454', '081232755139', 138, 9, '2026-01-07 05:02:02', '2026-01-07 05:02:02'),
(126, 'Popi Lestari', '3579054674', '081233656065', 139, 9, '2026-01-07 05:02:02', '2026-01-07 05:02:02'),
(127, 'Rani Lestari', '6429457960', '081274348289', 140, 9, '2026-01-07 05:02:02', '2026-01-07 05:02:02'),
(128, 'Kiki Anggara', '6935162915', '081298265637', 141, 9, '2026-01-07 05:02:02', '2026-01-07 05:02:02'),
(129, 'Dimas Prasetya', '8313342527', '081217366053', 142, 9, '2026-01-07 05:02:03', '2026-01-07 05:02:03'),
(130, 'Yudi Kurniawan', '1377054676', '081245650788', 143, 9, '2026-01-07 05:02:03', '2026-01-07 05:02:03'),
(131, 'Nico Pratama', '3603955098', '081293513260', 144, 9, '2026-01-07 05:02:03', '2026-01-07 05:02:03'),
(132, 'Hani Rahmawati', '2388500922', '081255129699', 145, 9, '2026-01-07 05:02:03', '2026-01-07 05:02:03'),
(133, 'Zulfa Aini', '4206433981', '081261174925', 146, 9, '2026-01-07 05:02:03', '2026-01-07 05:02:03'),
(134, 'Taufik Rahman', '4119479722', '081271781962', 147, 9, '2026-01-07 05:02:04', '2026-01-07 05:02:04'),
(135, 'Bunga Melati', '1450915633', '081247726134', 148, 9, '2026-01-07 05:02:04', '2026-01-07 05:02:04'),
(136, 'Budi Santoso', '9471732869', '081296206751', 149, 10, '2026-01-07 05:02:04', '2026-01-07 05:02:04'),
(137, 'Fitri Handayani', '1240267158', '081235794739', 150, 10, '2026-01-07 05:02:04', '2026-01-07 05:02:04'),
(138, 'Lina Marlina', '7442623535', '081230099425', 151, 10, '2026-01-07 05:02:05', '2026-01-07 05:02:05'),
(139, 'Erni Handayani', '7633522796', '081251801400', 152, 10, '2026-01-07 05:02:05', '2026-01-07 05:02:05'),
(140, 'Hani Kusuma', '1278583655', '081296383972', 153, 10, '2026-01-07 05:02:05', '2026-01-07 05:02:05'),
(141, 'Catur Wibowo', '8136007991', '081277963045', 154, 10, '2026-01-07 05:02:05', '2026-01-07 05:02:05'),
(142, 'Jaya Kusuma', '1401515430', '081257569670', 155, 10, '2026-01-07 05:02:06', '2026-01-07 05:02:06'),
(143, 'Irma Wati', '9736744122', '081272056645', 156, 10, '2026-01-07 05:02:06', '2026-01-07 05:02:06'),
(144, 'Karina Putri', '8940313549', '081292793270', 157, 10, '2026-01-07 05:02:06', '2026-01-07 05:02:06'),
(145, 'Ayu Wulandari', '7931559996', '081246541845', 158, 10, '2026-01-07 05:02:06', '2026-01-07 05:02:06'),
(146, 'Tari Anggraini', '8124081853', '081292841349', 159, 10, '2026-01-07 05:02:07', '2026-01-07 05:02:07'),
(147, 'Maman Suryadi', '6051585980', '081248799097', 160, 10, '2026-01-07 05:02:07', '2026-01-07 05:02:07'),
(148, 'Wanda Safitri', '7033164498', '081285442848', 161, 10, '2026-01-07 05:02:07', '2026-01-07 05:02:07'),
(149, 'Tina Suryani', '9040078440', '081248792981', 162, 10, '2026-01-07 05:02:07', '2026-01-07 05:02:07'),
(150, 'Rikki Prasetyo', '1746082367', '081229919872', 163, 10, '2026-01-07 05:02:07', '2026-01-07 05:02:07'),
(151, 'Siska Dewi', '4849657186', '081233446992', 164, 11, '2026-01-07 05:02:08', '2026-01-07 05:02:08'),
(152, 'Vino Saputra', '3109229076', '081299377166', 165, 11, '2026-01-07 05:02:08', '2026-01-07 05:02:08'),
(153, 'Putri Wulandari', '1859224655', '081215526103', 166, 11, '2026-01-07 05:02:08', '2026-01-07 05:02:08'),
(154, 'Kartika Sari', '5624338087', '081257363619', 167, 11, '2026-01-07 05:02:08', '2026-01-07 05:02:08'),
(155, 'Bella Wulandari', '5671703296', '081229475100', 168, 11, '2026-01-07 05:02:09', '2026-01-07 05:02:09'),
(156, 'Topan Rahman', '2441876800', '081273420789', 169, 11, '2026-01-07 05:02:09', '2026-01-07 05:02:09'),
(157, 'Umi Marlina', '4766165089', '081259825270', 170, 11, '2026-01-07 05:02:09', '2026-01-07 05:02:09'),
(158, 'Gita Permata', '5269486029', '081294326244', 171, 11, '2026-01-07 05:02:09', '2026-01-07 05:02:09'),
(159, 'Bella Kusuma', '2194283189', '081295690442', 172, 11, '2026-01-07 05:02:10', '2026-01-07 05:02:10'),
(160, 'Vina Candrawati', '5134431586', '081256328147', 173, 11, '2026-01-07 05:02:10', '2026-01-07 05:02:10'),
(161, 'Zainal Abidin', '6218089951', '081237631606', 174, 11, '2026-01-07 05:02:10', '2026-01-07 05:02:10'),
(162, 'Linda Sari', '3571912675', '081253475051', 175, 11, '2026-01-07 05:02:10', '2026-01-07 05:02:10'),
(163, 'Eko Prasetyo', '1280377927', '081278262527', 176, 11, '2026-01-07 05:02:11', '2026-01-07 05:02:11'),
(164, 'Tono Wijaya', '8318241191', '081234314478', 177, 11, '2026-01-07 05:02:11', '2026-01-07 05:02:11'),
(165, 'Qonita Maharani', '3381236220', '081294747456', 178, 11, '2026-01-07 05:02:11', '2026-01-07 05:02:11'),
(166, 'Sari Dewi', '2457718420', '081231606841', 179, 12, '2026-01-07 05:02:11', '2026-01-07 05:02:11'),
(167, 'Tomi Kurniawan', '7640134308', '081276549392', 180, 12, '2026-01-07 05:02:11', '2026-01-07 05:02:11'),
(168, 'Rara Diastuti', '4323380730', '081291263647', 181, 12, '2026-01-07 05:02:12', '2026-01-07 05:02:12'),
(169, 'Gilang Pratama', '6818226401', '081295607777', 182, 12, '2026-01-07 05:02:12', '2026-01-07 05:02:12'),
(170, 'Xena Anjani', '6453023845', '081257919085', 183, 12, '2026-01-07 05:02:12', '2026-01-07 05:02:12'),
(171, 'Yanto Pratama', '6729305606', '081221919028', 184, 12, '2026-01-07 05:02:12', '2026-01-07 05:02:12'),
(172, 'Cahyo Wijaya', '1231960169', '081254267572', 185, 12, '2026-01-07 05:02:13', '2026-01-07 05:02:13'),
(173, 'Umar Syarif', '8122541602', '081212778174', 186, 12, '2026-01-07 05:02:13', '2026-01-07 05:02:13'),
(174, 'Dewi Lestari', '4170196647', '081234621371', 187, 12, '2026-01-07 05:02:13', '2026-01-07 05:02:13'),
(175, 'Mira Kusuma', '2954322480', '081227174543', 188, 12, '2026-01-07 05:02:13', '2026-01-07 05:02:13'),
(176, 'Yani Dewi', '9805368129', '081219511647', 189, 12, '2026-01-07 05:02:14', '2026-01-07 05:02:14'),
(177, 'Hadi Saputra', '4454399456', '081239792965', 190, 12, '2026-01-07 05:02:14', '2026-01-07 05:02:14'),
(178, 'Nurul Aini', '1135474860', '081252317569', 191, 12, '2026-01-07 05:02:14', '2026-01-07 05:02:14'),
(179, 'Ina Lestari', '2264650181', '081291104897', 192, 12, '2026-01-07 05:02:14', '2026-01-07 05:02:14'),
(180, 'Fahmi Rahman', '8547080630', '081288219183', 193, 12, '2026-01-07 05:02:15', '2026-01-07 05:02:15'),
(181, 'Candra Pratama', '3669520121', '081297273282', 194, 13, '2026-01-07 05:02:15', '2026-01-07 05:02:15'),
(182, 'Putri Amalina', '9147212830', '081284130566', 195, 13, '2026-01-07 05:02:15', '2026-01-07 05:02:15'),
(183, 'Adi Maulana', '1552664376', '081264466163', 196, 13, '2026-01-07 05:02:15', '2026-01-07 05:02:15'),
(184, 'Gina Safitri', '7049914664', '081295848330', 197, 13, '2026-01-07 05:02:15', '2026-01-07 05:02:15'),
(185, 'Luki Setiawan', '4992580798', '081248238087', 198, 13, '2026-01-07 05:02:16', '2026-01-07 05:02:16'),
(186, 'Jasmine Azzahra', '4588249991', '081282786645', 199, 13, '2026-01-07 05:02:16', '2026-01-07 05:02:16'),
(187, 'Nani Safitri', '3131729957', '081224164145', 200, 13, '2026-01-07 05:02:16', '2026-01-07 05:02:16'),
(188, 'Ardi Prasetyo', '4584847552', '081230619106', 201, 13, '2026-01-07 05:02:16', '2026-01-07 05:02:16'),
(189, 'Novi Marlina', '3000878656', '081220752183', 202, 13, '2026-01-07 05:02:17', '2026-01-07 05:02:17'),
(190, 'Citra Dewi', '6093471454', '081212305197', 203, 13, '2026-01-07 05:02:17', '2026-01-07 05:02:17'),
(191, 'Vivi Anggraini', '8620575221', '081227399573', 204, 13, '2026-01-07 05:02:17', '2026-01-07 05:02:17'),
(192, 'Kiki Marlina', '4595681033', '081276618520', 205, 13, '2026-01-07 05:02:17', '2026-01-07 05:02:17'),
(193, 'Kevin Anggara', '7266928340', '081241365623', 206, 13, '2026-01-07 05:02:18', '2026-01-07 05:02:18'),
(194, 'Peni Kusuma', '9846017400', '081222715665', 207, 13, '2026-01-07 05:02:18', '2026-01-07 05:02:18'),
(195, 'Sinta Dewi', '7189950634', '081296356129', 208, 13, '2026-01-07 05:02:18', '2026-01-07 05:02:18'),
(196, 'Oki Setiawan', '8041651655', '081261439804', 209, 14, '2026-01-07 05:02:18', '2026-01-07 05:02:18'),
(197, 'Vira Maharani', '8526339368', '081281817793', 210, 14, '2026-01-07 05:02:19', '2026-01-07 05:02:19'),
(198, 'Fina Rahmawati', '9816562984', '081295179096', 211, 14, '2026-01-07 05:02:19', '2026-01-07 05:02:19'),
(199, 'Eko Ramadhan', '1267717222', '081276957017', 212, 14, '2026-01-07 05:02:19', '2026-01-07 05:02:19'),
(200, 'Wulan Safitri', '1560663183', '081227068393', 213, 14, '2026-01-07 05:02:19', '2026-01-07 05:02:19'),
(201, 'Irfan Maulana', '7779725615', '081285737372', 214, 14, '2026-01-07 05:02:19', '2026-01-07 05:02:19'),
(202, 'Vera Marlina', '9942160751', '081232039337', 215, 14, '2026-01-07 05:02:20', '2026-01-07 05:02:20'),
(203, 'Siti Rahayu', '6483874004', '081261160603', 216, 14, '2026-01-07 05:02:20', '2026-01-07 05:02:20'),
(204, 'Nani Lestari', '7897849003', '081218882485', 217, 14, '2026-01-07 05:02:20', '2026-01-07 05:02:20'),
(205, 'Zahra Amelia', '3132823554', '081226685362', 218, 14, '2026-01-07 05:02:20', '2026-01-07 05:02:20'),
(206, 'Ika Fitriani', '3239406309', '081246094874', 219, 14, '2026-01-07 05:02:21', '2026-01-07 05:02:21'),
(207, 'Ima Rahmawati', '6211168935', '081294173404', 220, 14, '2026-01-07 05:02:21', '2026-01-07 05:02:21'),
(208, 'Eko Setiawan', '1744738626', '081224305017', 221, 14, '2026-01-07 05:02:21', '2026-01-07 05:02:21'),
(209, 'Fani Wulandari', '2410346592', '081261896538', 222, 14, '2026-01-07 05:02:21', '2026-01-07 05:02:21'),
(210, 'Ahmad Fauzi', '5555603668', '081233783781', 223, 14, '2026-01-07 05:02:22', '2026-01-07 05:02:22'),
(211, 'Dini Handayani', '8759043339', '081211293067', 224, 15, '2026-01-07 05:02:22', '2026-01-07 05:02:22'),
(212, 'Fero Andika', '8387146246', '081232731793', 225, 15, '2026-01-07 05:02:22', '2026-01-07 05:02:22'),
(213, 'Yuki Permata', '8162417657', '081271806512', 226, 15, '2026-01-07 05:02:22', '2026-01-07 05:02:22'),
(214, 'Pandu Setiawan', '8572075955', '081245151329', 227, 15, '2026-01-07 05:02:23', '2026-01-07 05:02:23'),
(215, 'Oki Firmansyah', '8932772290', '081233832595', 228, 15, '2026-01-07 05:02:23', '2026-01-07 05:02:23'),
(216, 'Bima Pratama', '7220310720', '081259756560', 229, 15, '2026-01-07 05:02:23', '2026-01-07 05:02:23'),
(217, 'Agung Saputra', '6160193853', '081252930785', 230, 15, '2026-01-07 05:02:23', '2026-01-07 05:02:23'),
(218, 'Yanti Lestari', '5694580410', '081237564152', 231, 15, '2026-01-07 05:02:24', '2026-01-07 05:02:24'),
(219, 'Sandi Firmansyah', '9579467984', '081254060905', 232, 15, '2026-01-07 05:02:24', '2026-01-07 05:02:24'),
(220, 'Maman Gunawan', '8334413263', '081235005116', 233, 15, '2026-01-07 05:02:24', '2026-01-07 05:02:24'),
(221, 'Hani Fadillah', '7630380022', '081211921294', 234, 15, '2026-01-07 05:02:24', '2026-01-07 05:02:24'),
(222, 'Heru Gunawan', '3223890161', '081261294396', 235, 15, '2026-01-07 05:02:25', '2026-01-07 05:02:25'),
(223, 'Xavier Wijaya', '8913675063', '081238151938', 236, 15, '2026-01-07 05:02:25', '2026-01-07 05:02:25'),
(224, 'Fajar Nugroho', '5430397317', '081228687990', 237, 15, '2026-01-07 05:02:25', '2026-01-07 05:02:25'),
(225, 'Vicky Setiawan', '9344590671', '081296637721', 238, 15, '2026-01-07 05:02:25', '2026-01-07 05:02:25');

-- --------------------------------------------------------

--
-- Table structure for table `soal`
--

CREATE TABLE `soal` (
  `id_soal` bigint UNSIGNED NOT NULL,
  `id_ujian` bigint UNSIGNED NOT NULL,
  `soal` text COLLATE utf8mb4_unicode_ci NOT NULL,
  `opsi_a` varchar(255) COLLATE utf8mb4_unicode_ci DEFAULT NULL,
  `opsi_b` varchar(255) COLLATE utf8mb4_unicode_ci DEFAULT NULL,
  `opsi_c` varchar(255) COLLATE utf8mb4_unicode_ci DEFAULT NULL,
  `opsi_d` varchar(255) COLLATE utf8mb4_unicode_ci DEFAULT NULL,
  `opsi_e` varchar(255) COLLATE utf8mb4_unicode_ci DEFAULT NULL,
  `jawaban_benar` varchar(255) COLLATE utf8mb4_unicode_ci NOT NULL,
  `created_at` timestamp NULL DEFAULT NULL,
  `updated_at` timestamp NULL DEFAULT NULL
) ENGINE=InnoDB DEFAULT CHARSET=utf8mb4 COLLATE=utf8mb4_unicode_ci;

-- --------------------------------------------------------

--
-- Table structure for table `ujians`
--

CREATE TABLE `ujians` (
  `id_ujian` bigint UNSIGNED NOT NULL,
  `nama_ujian` varchar(255) COLLATE utf8mb4_unicode_ci NOT NULL,
  `id_guru` varchar(255) COLLATE utf8mb4_unicode_ci NOT NULL,
  `id_mata_pelajaran` bigint UNSIGNED NOT NULL,
  `id_kelas` bigint UNSIGNED NOT NULL,
  `tanggal_ujian` date NOT NULL,
  `waktu_mulai` time NOT NULL,
  `waktu_selesai` time NOT NULL,
  `durasi` int NOT NULL,
  `created_at` timestamp NULL DEFAULT NULL,
  `updated_at` timestamp NULL DEFAULT NULL
) ENGINE=InnoDB DEFAULT CHARSET=utf8mb4 COLLATE=utf8mb4_unicode_ci;

-- --------------------------------------------------------

--
-- Table structure for table `users`
--

CREATE TABLE `users` (
  `id_user` bigint UNSIGNED NOT NULL,
  `id_role` bigint UNSIGNED DEFAULT NULL,
  `name` varchar(255) COLLATE utf8mb4_unicode_ci NOT NULL,
  `email` varchar(255) COLLATE utf8mb4_unicode_ci NOT NULL,
  `password` varchar(255) COLLATE utf8mb4_unicode_ci NOT NULL,
  `created_at` timestamp NULL DEFAULT NULL,
  `updated_at` timestamp NULL DEFAULT NULL
) ENGINE=InnoDB DEFAULT CHARSET=utf8mb4 COLLATE=utf8mb4_unicode_ci;

--
-- Dumping data for table `users`
--

INSERT INTO `users` (`id_user`, `id_role`, `name`, `email`, `password`, `created_at`, `updated_at`) VALUES
(1, 1, 'Administrator', 'admin@example.com', '$2y$12$BVe80zZv7qGiCgsohtJKBO6dAXiKx4VQTUYlooiun0hQMuh235gGK', '2026-01-07 05:01:29', '2026-01-07 05:01:29'),
(2, 2, 'Guru Mata Pelajaran', 'guru1@example.com', '$2y$12$6e8lCJEyjDXdNjKsUw6icO4WYh52bM8UnlNKK2N7lyC825wlhayF2', '2026-01-07 05:01:29', '2026-01-07 05:01:29'),
(3, 3, 'Siswa Kelas 10', 'siswa1@example.com', '$2y$12$afGhtH0dMV8MdqEK0c5XBOZV.JyRSqd44DHe5isAbWXA8Hip/SpVG', '2026-01-07 05:01:30', '2026-01-07 05:01:30'),
(4, 2, 'Ustadz Ahmad Maulana', 'ustadz.ahmad@smp.com', '$2y$12$VczkrcxfxbhK9Q1caZfXY.3IE8Ttz5Dlsid4HAui6IBfzKUOWBhKW', '2026-01-07 05:01:30', '2026-01-07 05:01:30'),
(5, 2, 'Budi Santoso, S.Pd', 'budi.santoso@smp.com', '$2y$12$8csL78bhNuFmqKqu2dTOBORqgFQRV7bp9BQlBP15X8VdqlG21y3Q.', '2026-01-07 05:01:30', '2026-01-07 05:01:30'),
(6, 2, 'Siti Rahmawati, S.Pd', 'siti.rahmawati@smp.com', '$2y$12$8YkPLhjUNfUWNqUhA1GRxuCGZdH6Eh.C0rDrobPpyH2apk95ykya.', '2026-01-07 05:01:30', '2026-01-07 05:01:30'),
(7, 2, 'Drs. Widodo Hartono', 'dr.widodo@smp.com', '$2y$12$/k/qmm2XHaCUTr7aMa8RuuNYy07AIl8lEzjc297PyBaJ1dSsUXxUq', '2026-01-07 05:01:30', '2026-01-07 05:01:30'),
(8, 2, 'Dewi Lestari, M.Pd', 'dewi.lestari@smp.com', '$2y$12$/wzhCcX/BsvmkXhN01KbUeChfTloeSptlh7CyUoxES2kq0BW6.di2', '2026-01-07 05:01:31', '2026-01-07 05:01:31'),
(9, 2, 'Agus Setiawan, S.Sos', 'agus.setiawan@smp.com', '$2y$12$0zP8A3K5Rb7kTEyKV18AaeXSwAUJEWMRtZ9IkPCKXn6a1Zh6N/awy', '2026-01-07 05:01:31', '2026-01-07 05:01:31'),
(10, 2, 'Maria Ulfa, S.Pd', 'maria.ulfa@smp.com', '$2y$12$Y3VcHIe/EjkdycyTptgtwOV.YskwIIwMyHPTU2TRWT/4o9Sr.VSC2', '2026-01-07 05:01:31', '2026-01-07 05:01:31'),
(11, 2, 'Eko Prasetyo, S.Kom', 'eko.prasetyo@smp.com', '$2y$12$pbYudmrJipDirsMvXG9vXOXcm63voW0bUO87TtCfIIVgiQk2oV8G.', '2026-01-07 05:01:31', '2026-01-07 05:01:31'),
(12, 2, 'Hendra Gunawan, S.Or', 'hendra.gunawan@smp.com', '$2y$12$9bXVNVQ0iLxwF0o.pFALZOqNKNGFXrUMcwekCdupmcmd9SVHDSgoS', '2026-01-07 05:01:32', '2026-01-07 05:01:32'),
(13, 2, 'Ratna Sari, S.Sn', 'ratna.sari@smp.com', '$2y$12$Vh9xmCMo1vLygUt5dvXx8.ZjjFpRWOrPLFdPNLcye9EXWGZZUTgT2', '2026-01-07 05:01:32', '2026-01-07 05:01:32'),
(14, 3, 'Jasmine Azzahra', 'jasmine.azzahra.7A@smp.com', '$2y$12$jbscqn7u5ODtvr5qh0Bwt.tkJf3pYwMe3y7SwLU5GATzqzEhEGZU.', '2026-01-07 05:01:32', '2026-01-07 05:01:32'),
(15, 3, 'Nani Safitri', 'nani.safitri.7A@smp.com', '$2y$12$Gw4tYj2VPQbmoQ8cixL/9Owb2Beb9tHcnPUagDUREASckhK.GKq32', '2026-01-07 05:01:32', '2026-01-07 05:01:32'),
(16, 3, 'Ardi Prasetyo', 'ardi.prasetyo.7A@smp.com', '$2y$12$nPRBhjnoQdtNk7uH4OJAJ.fDnEOtF3Kny2DKsmphpQbwVSvuzdJyO', '2026-01-07 05:01:33', '2026-01-07 05:01:33'),
(17, 3, 'Novi Marlina', 'novi.marlina.7A@smp.com', '$2y$12$XiaFKl/7C3SdvxROgbPhuuzwzmchHzkM9YDfR4meVHpxpUuF/d7k2', '2026-01-07 05:01:33', '2026-01-07 05:01:33'),
(18, 3, 'Citra Dewi', 'citra.dewi.7A@smp.com', '$2y$12$6A2jnPuKRsIZf2vX9XhMUegzE7BBjv8NVJKnvaWb04Kc5e6e5ZrkO', '2026-01-07 05:01:33', '2026-01-07 05:01:33'),
(19, 3, 'Vivi Anggraini', 'vivi.anggraini.7A@smp.com', '$2y$12$SQDPFy4rNLH3hu2Wtd/zX.wuH6cRbexR.iEvWDjXSRiqupZS47Zw2', '2026-01-07 05:01:33', '2026-01-07 05:01:33'),
(20, 3, 'Kiki Marlina', 'kiki.marlina.7A@smp.com', '$2y$12$KKF5eWnlVyTH2Wd89U31aueLvZ/bxtzZ9PgkYnAnLkXL165mK7IyS', '2026-01-07 05:01:34', '2026-01-07 05:01:34'),
(21, 3, 'Kevin Anggara', 'kevin.anggara.7A@smp.com', '$2y$12$7mvd85LiH8Sx56zdV6S8L.ioa1AVPI9H32tw7KRCtkvhGSs705JgS', '2026-01-07 05:01:34', '2026-01-07 05:01:34'),
(22, 3, 'Peni Kusuma', 'peni.kusuma.7A@smp.com', '$2y$12$eJk5rce2vjUwFUJJqJzGle2CpfDdcuotK8MrIwbXpQgQD4BrqDrCe', '2026-01-07 05:01:34', '2026-01-07 05:01:34'),
(23, 3, 'Sinta Dewi', 'sinta.dewi.7A@smp.com', '$2y$12$fzYjSOk5SFJKTgBc1SnGm.WN6sw0blq7jL4HMnOh2.RZxfksRAlZW', '2026-01-07 05:01:34', '2026-01-07 05:01:34'),
(24, 3, 'Oki Setiawan', 'oki.setiawan.7A@smp.com', '$2y$12$88lj.Dz76ssiQZK78IZCf.pAcZDcxk2nodC4w2LmzMayWG4CiYX4G', '2026-01-07 05:01:34', '2026-01-07 05:01:34'),
(25, 3, 'Vira Maharani', 'vira.maharani.7A@smp.com', '$2y$12$4wnwHOVMzYLMwVPgaEfk9uNVviL6e3L/219GmnXeRXNVVoKQ0rbJu', '2026-01-07 05:01:35', '2026-01-07 05:01:35'),
(26, 3, 'Fina Rahmawati', 'fina.rahmawati.7A@smp.com', '$2y$12$fYzDahNF6h1f1o.KT6N/veXwneLRhPxjwtA4chdI.7sUUQQJLEs2i', '2026-01-07 05:01:35', '2026-01-07 05:01:35'),
(27, 3, 'Eko Ramadhan', 'eko.ramadhan.7A@smp.com', '$2y$12$6UfUuXtySKXRVZJOL3OnVeTb4ikRA6X7bh39Zmzsu2MUvdsbT3J0.', '2026-01-07 05:01:35', '2026-01-07 05:01:35'),
(28, 3, 'Wulan Safitri', 'wulan.safitri.7A@smp.com', '$2y$12$oT5yybNs1uIpyev1K4/XB.jBXxp3iXzGbwJHqXTHI4/J0.SOZiZge', '2026-01-07 05:01:35', '2026-01-07 05:01:35'),
(29, 3, 'Irfan Maulana', 'irfan.maulana.7B@smp.com', '$2y$12$n35KoxIHnYxsHj0xkn/C1Ot4K6OSWztwq4G.dkv./DVtMQ8AWuNLi', '2026-01-07 05:01:36', '2026-01-07 05:01:36'),
(30, 3, 'Vera Marlina', 'vera.marlina.7B@smp.com', '$2y$12$Sh8SBDuNaOzyAFirJ6.uPenGQYtDrmwRZPLlRsC1XyCfiNVPsVY6e', '2026-01-07 05:01:36', '2026-01-07 05:01:36'),
(31, 3, 'Siti Rahayu', 'siti.rahayu.7B@smp.com', '$2y$12$/DF3OxrABMPdttpBvJy8Z.YOkxsb1dh7WIuIJnwbC1myweoPTa5ZG', '2026-01-07 05:01:36', '2026-01-07 05:01:36'),
(32, 3, 'Nani Lestari', 'nani.lestari.7B@smp.com', '$2y$12$qLc71f/DoGxGam6SCzcX5uOnkjriOUzILRpmM3uxWmb9M3mIId/OS', '2026-01-07 05:01:36', '2026-01-07 05:01:36'),
(33, 3, 'Zahra Amelia', 'zahra.amelia.7B@smp.com', '$2y$12$Lj9n5bEpw.R4mTuqnQBqveKh0eOCLhTBWES400NT/gB44bMUsvLxi', '2026-01-07 05:01:37', '2026-01-07 05:01:37'),
(34, 3, 'Ika Fitriani', 'ika.fitriani.7B@smp.com', '$2y$12$RL4uJeqaXnspVmB89iB4I.9H/Du4ggXcq9Z4W/APo6KBeBpzktE76', '2026-01-07 05:01:37', '2026-01-07 05:01:37'),
(35, 3, 'Ima Rahmawati', 'ima.rahmawati.7B@smp.com', '$2y$12$vxvAPn.jj2F/rMkJeklQTes0RRu7Mze3z9v//.072kXH0C6M2t4gq', '2026-01-07 05:01:37', '2026-01-07 05:01:37'),
(36, 3, 'Eko Setiawan', 'eko.setiawan.7B@smp.com', '$2y$12$yFryQUKvxHYuyL2op/3JSOiPLMy131cOhJfWFWSdww3M.7YxHdWIq', '2026-01-07 05:01:37', '2026-01-07 05:01:37'),
(37, 3, 'Fani Wulandari', 'fani.wulandari.7B@smp.com', '$2y$12$SJaoVgSoFADmFF6CCGeNSO.A1mbqWy/d0eU4lYhcjruIkAlWjs8MG', '2026-01-07 05:01:37', '2026-01-07 05:01:37'),
(38, 3, 'Ahmad Fauzi', 'ahmad.fauzi.7B@smp.com', '$2y$12$O7f8kZugiBPy/nto9p3JG.W6YRXKthzO6cLAnN9Kd1p0taBua7qHS', '2026-01-07 05:01:38', '2026-01-07 05:01:38'),
(39, 3, 'Dini Handayani', 'dini.handayani.7B@smp.com', '$2y$12$t6LB1bGlkhBKBTveaRbj/eM7cA3MQtsj4QMfZ6URgezVXP6S82p7K', '2026-01-07 05:01:38', '2026-01-07 05:01:38'),
(40, 3, 'Fero Andika', 'fero.andika.7B@smp.com', '$2y$12$DCAdY4cd9iHdMOVt8p9bw.sjvuyAp3tBlbIAj91s.lxK8kxYgkHNW', '2026-01-07 05:01:38', '2026-01-07 05:01:38'),
(41, 3, 'Yuki Permata', 'yuki.permata.7B@smp.com', '$2y$12$7iuuQQe4JHoN/02Hyjk8dOKqQx3xosWReYsn7mrbna0StaFPfXMuu', '2026-01-07 05:01:38', '2026-01-07 05:01:38'),
(42, 3, 'Pandu Setiawan', 'pandu.setiawan.7B@smp.com', '$2y$12$4zNHe48Q96zLYWRz4mP0nu04DLToJQCdZVdRO30dv8hV8VfQd4wOu', '2026-01-07 05:01:39', '2026-01-07 05:01:39'),
(43, 3, 'Oki Firmansyah', 'oki.firmansyah.7B@smp.com', '$2y$12$33wXSNE9m1pwsftx12.Iou/mMtWyY0obsVRCxJh0utTXyq/OAnUI6', '2026-01-07 05:01:39', '2026-01-07 05:01:39'),
(44, 3, 'Bima Pratama', 'bima.pratama.7C@smp.com', '$2y$12$f.3ew4451qHcGdsIxagh0O2hAjek0nTTSkyoNMDt2SvvkX1zA6Lfi', '2026-01-07 05:01:39', '2026-01-07 05:01:39'),
(45, 3, 'Agung Saputra', 'agung.saputra.7C@smp.com', '$2y$12$1g0NDrhJAZ39HOZkOz.O2.lCIQmR9PyZjaE8EpQVlGcRHwkAgSAES', '2026-01-07 05:01:39', '2026-01-07 05:01:39'),
(46, 3, 'Yanti Lestari', 'yanti.lestari.7C@smp.com', '$2y$12$rNcEq/9Qz5iGqvqYFlFPaOXYpn3elO87B9XGxRQ7Os72FMA1IuiTe', '2026-01-07 05:01:40', '2026-01-07 05:01:40'),
(47, 3, 'Sandi Firmansyah', 'sandi.firmansyah.7C@smp.com', '$2y$12$57YmgOeMxTW9H/ggwZAh6e8dtySd8xOCS01uUUKZRmbMNAtsF2kAq', '2026-01-07 05:01:40', '2026-01-07 05:01:40'),
(48, 3, 'Maman Gunawan', 'maman.gunawan.7C@smp.com', '$2y$12$1IJylMXeYFUO9GflSB/VTegGRrP5B76Gn/Ttl0GF8X2SUtS1zuuj.', '2026-01-07 05:01:40', '2026-01-07 05:01:40'),
(49, 3, 'Hani Fadillah', 'hani.fadillah.7C@smp.com', '$2y$12$JAGYW/CQYDUJLFtURpbYP.OgdCOcD/PrLFj5Nub3yF.DuKCJVr44y', '2026-01-07 05:01:40', '2026-01-07 05:01:40'),
(50, 3, 'Heru Gunawan', 'heru.gunawan.7C@smp.com', '$2y$12$yjQorzFyZ4a.s57LTen7yuL9JBNYWKeYSnoainVo.GqdiffpOWbme', '2026-01-07 05:01:40', '2026-01-07 05:01:40'),
(51, 3, 'Xavier Wijaya', 'xavier.wijaya.7C@smp.com', '$2y$12$/TeXS.Z.cdbiciaMeId3WeZk93vjmMN6brq/DVRcyLb85Ys/Ly6de', '2026-01-07 05:01:41', '2026-01-07 05:01:41'),
(52, 3, 'Fajar Nugroho', 'fajar.nugroho.7C@smp.com', '$2y$12$ZrAD1jXIxR1Abs0ysiC6Q.YcNpImaHvi0Z75Xjrl8mk4X3lBPtXeq', '2026-01-07 05:01:41', '2026-01-07 05:01:41'),
(53, 3, 'Vicky Setiawan', 'vicky.setiawan.7C@smp.com', '$2y$12$c7.7vvGmNwdqTFxXiZ1Lee.2qclSZG8BOmLZjR9pIb1PcPGff8eu2', '2026-01-07 05:01:41', '2026-01-07 05:01:41'),
(54, 3, 'Joko Prasetyo', 'joko.prasetyo.7C@smp.com', '$2y$12$gf6.HNr/6L75JRtEfRApW.b2umjQQDP59QY/Pon9/VWmGwPVg5XEe', '2026-01-07 05:01:41', '2026-01-07 05:01:41'),
(55, 3, 'Tania Nadira', 'tania.nadira.7C@smp.com', '$2y$12$3K6PMajNOEeKNhtNk8lz5uOrwqSG/OX.8V2VJGyajwsrdOoQ.ygSa', '2026-01-07 05:01:42', '2026-01-07 05:01:42'),
(56, 3, 'Lina Handayani', 'lina.handayani.7C@smp.com', '$2y$12$16yEUj8jDO.FL/m2WLgJg.T.metkg.hNIkVOKgDHJyxZDpi59JgWu', '2026-01-07 05:01:42', '2026-01-07 05:01:42'),
(57, 3, 'Wulan Sari', 'wulan.sari.7C@smp.com', '$2y$12$1O4b9cyDbHfc6FpcC1GSd.W33LVqN3GP3GW1YnhLfvUi7YShOQH7C', '2026-01-07 05:01:42', '2026-01-07 05:01:42'),
(58, 3, 'Zahra Fadillah', 'zahra.fadillah.7C@smp.com', '$2y$12$z5TFWX9otbSg4JgUybOIFechnJzV2zxg7XSfgUfu/6GAt/sMOshiW', '2026-01-07 05:01:42', '2026-01-07 05:01:42'),
(59, 3, 'Odi Ramadhan', 'odi.ramadhan.7D@smp.com', '$2y$12$cNhec2T..qUUC0jNDYHK8upiT3LozOsRThdif/QpmNO2lM2JNU7Ym', '2026-01-07 05:01:43', '2026-01-07 05:01:43'),
(60, 3, 'Eka Handayani', 'eka.handayani.7D@smp.com', '$2y$12$4CAFp7gUMB26rUZnHo2Pfezv93TpN9WEE9Nna8Ywf4Za3UCNLJ.eC', '2026-01-07 05:01:43', '2026-01-07 05:01:43'),
(61, 3, 'Yanto Wijaya', 'yanto.wijaya.7D@smp.com', '$2y$12$XGO5i86YyQhufJFs9qCz0.9doLA2SgPqCjJIIJYQ.u098E74NgXYi', '2026-01-07 05:01:43', '2026-01-07 05:01:43'),
(62, 3, 'Lani Kusuma', 'lani.kusuma.7D@smp.com', '$2y$12$m3vs2swBQWrADDIfdnVgVOmljNt6ej9BYZ4vMGNDq7NORizuqetny', '2026-01-07 05:01:43', '2026-01-07 05:01:43'),
(63, 3, 'Oki Ramadhan', 'oki.ramadhan.7D@smp.com', '$2y$12$1IJXEdusk0BJOpK0q93PC.oqzSw6RIBmo9Ja/41lFF6yKh20vBF5u', '2026-01-07 05:01:44', '2026-01-07 05:01:44'),
(64, 3, 'Gina Marlina', 'gina.marlina.7D@smp.com', '$2y$12$s6mX45cWW.ZnoExDEqKoZ.Z3aSggnW6WEfJ6si6aJCMwvdcmQWnHq', '2026-01-07 05:01:44', '2026-01-07 05:01:44'),
(65, 3, 'Cici Rahmawati', 'cici.rahmawati.7D@smp.com', '$2y$12$lZn7GrXEJ201ITIlNm.O1uMUuh7UTylVI0W3OgY7YPxlkMQBdN3N2', '2026-01-07 05:01:44', '2026-01-07 05:01:44'),
(66, 3, 'Edi Prasetyo', 'edi.prasetyo.7D@smp.com', '$2y$12$e4KnHeSuEPKKzgsjQHqAAesZbVeV58ZaqJbLZbfKr2IaLaDnHITOu', '2026-01-07 05:01:44', '2026-01-07 05:01:44'),
(67, 3, 'Puti Safitri', 'puti.safitri.7D@smp.com', '$2y$12$7EOE1sc05.4B2O4zXFBZQuNqfUpbOS1/uQOUP70XGQmhjDJ1vVEwO', '2026-01-07 05:01:44', '2026-01-07 05:01:44'),
(68, 3, 'Iwan Setiawan', 'iwan.setiawan.7D@smp.com', '$2y$12$g8hF/TMI9I2JlhYTB8R0uOQb512em6aq8d9DC98YVCgOn5vcS9wC6', '2026-01-07 05:01:45', '2026-01-07 05:01:45'),
(69, 3, 'Andi Wijaya', 'andi.wijaya.7D@smp.com', '$2y$12$ybI9chPJcfz8MYfShUGnNuxLWnZDD18GUIBKqD2a.xBtVc5prMCs.', '2026-01-07 05:01:45', '2026-01-07 05:01:45'),
(70, 3, 'Zaki Setiawan', 'zaki.setiawan.7D@smp.com', '$2y$12$XKFfWqKLiWAgU7ypF8S2wOieX.99AAEh4rRxQQBAAOEMVAq2LC1vW', '2026-01-07 05:01:45', '2026-01-07 05:01:45'),
(71, 3, 'Indah Permatasari', 'indah.permatasari.7D@smp.com', '$2y$12$cjCxdglUi7w2tGBeW6ds7e5ZquwUDwNVK3mK.uuZwFBlFIDfChBEa', '2026-01-07 05:01:45', '2026-01-07 05:01:45'),
(72, 3, 'Jono Wijaya', 'jono.wijaya.7D@smp.com', '$2y$12$HRCN5n2A8ayIGBnh2w/NfeudbGB2xvzNEviC0W8PHlF3yQgeFH28u', '2026-01-07 05:01:46', '2026-01-07 05:01:46'),
(73, 3, 'Cahya Rahman', 'cahya.rahman.7D@smp.com', '$2y$12$ghF788rwcovbcx0SubY3luY4rI6/q4gF6cGKMjmn3vZRvzCIVEpGy', '2026-01-07 05:01:46', '2026-01-07 05:01:46'),
(74, 3, 'Andi Maulana', 'andi.maulana.7E@smp.com', '$2y$12$v3UmGzl3YaYbzeTnUGvFK.xqt6fgWB9t/vY2xSU74MjXea5FUH3Gq', '2026-01-07 05:01:46', '2026-01-07 05:01:46'),
(75, 3, 'Mira Handayani', 'mira.handayani.7E@smp.com', '$2y$12$j6lIpxE.ETrvy8M6Oq8WKekefz.h6fS/9knjBDEcFLlXeG.7mGwBe', '2026-01-07 05:01:46', '2026-01-07 05:01:46'),
(76, 3, 'Yoga Saputra', 'yoga.saputra.7E@smp.com', '$2y$12$uThsgYk1K1VN2fMwjnDR4uvrhjLic43qLcJsWb0tv5.IKdifMctmy', '2026-01-07 05:01:47', '2026-01-07 05:01:47'),
(77, 3, 'Zulfa Hidayati', 'zulfa.hidayati.7E@smp.com', '$2y$12$2orfqH6zq6fzJeA3fjORy.ZHi..CZvur6ns9Jv8zerYg2u3233B.K', '2026-01-07 05:01:47', '2026-01-07 05:01:47'),
(78, 3, 'Widi Saputra', 'widi.saputra.7E@smp.com', '$2y$12$fd/dOrYyGgcK8tPZkGOEwOhaCfxEx1R9Cj8r0A3iMPB650O5IKvty', '2026-01-07 05:01:47', '2026-01-07 05:01:47'),
(79, 3, 'Raden Wijaya', 'raden.wijaya.7E@smp.com', '$2y$12$Ud0UPEY54e.y44OuXwqjHex7htcCtZn0RPugEFTMJlH5Y1EdbRe5i', '2026-01-07 05:01:47', '2026-01-07 05:01:47'),
(80, 3, 'Candra Wijaya', 'candra.wijaya.7E@smp.com', '$2y$12$vYSv.8dtGxlaETAO0T617u0LRAdzZCuwfqljBNIWJ7d77ufiDA3ey', '2026-01-07 05:01:47', '2026-01-07 05:01:47'),
(81, 3, 'Rafli Ahmad', 'rafli.ahmad.7E@smp.com', '$2y$12$KszFaa1U5YXX2vkDDUYSdOc5IYZ3KvMjWuVWj3dOB9oU4R6rSdyce', '2026-01-07 05:01:48', '2026-01-07 05:01:48'),
(82, 3, 'Galuh Permata', 'galuh.permata.7E@smp.com', '$2y$12$K8L1MvI7FfVp9EhklsOHOeV3/UlD2CxQx409tRk5MF6luOVKyVKie', '2026-01-07 05:01:48', '2026-01-07 05:01:48'),
(83, 3, 'Sigit Prasetyo', 'sigit.prasetyo.7E@smp.com', '$2y$12$8Djtj3P.MC6Mgq2PBjssxeafsaYlEJYfN3nHwWWls3.QWJLzmF1Ye', '2026-01-07 05:01:48', '2026-01-07 05:01:48'),
(84, 3, 'Eza Maulana', 'eza.maulana.7E@smp.com', '$2y$12$tbfsZ1nfGAUh7AdLkMiVwO1Mki3XPnufqtyJzW5MzCq1/PXcieIhO', '2026-01-07 05:01:48', '2026-01-07 05:01:48'),
(85, 3, 'Wawan Kurniawan', 'wawan.kurniawan.7E@smp.com', '$2y$12$I9g7Rle9FDtT3EKKZeqIFuneFzn8tCnHO3N4pbC4F0N9B1WN2VYcW', '2026-01-07 05:01:49', '2026-01-07 05:01:49'),
(86, 3, 'Rizki Ramadhan', 'rizki.ramadhan.7E@smp.com', '$2y$12$FZ4b8mhli/ay0AtdoEkOue5SKdXAh1YgJ2BcDW.ZyPHJagBR/6PNe', '2026-01-07 05:01:49', '2026-01-07 05:01:49'),
(87, 3, 'Bella Rahmawati', 'bella.rahmawati.7E@smp.com', '$2y$12$uMAARXNIviq8.YEtMIWEleZjByCmhMZBCh86vchP6x5fJGZobNAAi', '2026-01-07 05:01:49', '2026-01-07 05:01:49'),
(88, 3, 'Qori Fadillah', 'qori.fadillah.7E@smp.com', '$2y$12$.qncQUSGkDaLUV3Cnj.y3elWjhMU55y5QO43t0Bvx6ZDPNQDhwy1a', '2026-01-07 05:01:49', '2026-01-07 05:01:49'),
(89, 3, 'Iqbal Maulana', 'iqbal.maulana.8A@smp.com', '$2y$12$ZtPo4N4df1eXIclhEPnqa.LgxlTkMxPXTSLWyZFkR0qf53Z6qkGey', '2026-01-07 05:01:50', '2026-01-07 05:01:50'),
(90, 3, 'Bulan Permata', 'bulan.permata.8A@smp.com', '$2y$12$HmKaUIDl4P0MzvSWPHcljOVb3WY7aLBbaKcK4Kvz5iVbexkeUosSS', '2026-01-07 05:01:50', '2026-01-07 05:01:50'),
(91, 3, 'Gani Setiawan', 'gani.setiawan.8A@smp.com', '$2y$12$W3eVcFKxq3XTtkKGZSNHGunIeT5zAVkZuiagDL8NwTSCeA9XkJSVm', '2026-01-07 05:01:50', '2026-01-07 05:01:50'),
(92, 3, 'Joni Saputra', 'joni.saputra.8A@smp.com', '$2y$12$ko6Jh3q14qrxSiGmluwrZ.sXxx29Mp1s3AJ64iP3FuB1TKZ9pqBHS', '2026-01-07 05:01:50', '2026-01-07 05:01:50'),
(93, 3, 'Desi Safitri', 'desi.safitri.8A@smp.com', '$2y$12$B4oGvkfSUk4TC2GfxsZ7Huad0CFpA5KrJyXG1gTmiThWiNfnGOEs.', '2026-01-07 05:01:51', '2026-01-07 05:01:51'),
(94, 3, 'Uci Rahmawati', 'uci.rahmawati.8A@smp.com', '$2y$12$5/qCNamVeByIGu5hYPtnJ.x9tSIBVb8IfiWXJjOncwrkWuMg.365e', '2026-01-07 05:01:51', '2026-01-07 05:01:51'),
(95, 3, 'Randi Pratama', 'randi.pratama.8A@smp.com', '$2y$12$3K8VK3NYGhwVK6F87v..U.t2F.vtwMmWsad7ewpwQGSXdWx49.FHG', '2026-01-07 05:01:51', '2026-01-07 05:01:51'),
(96, 3, 'Hadi Kurniawan', 'hadi.kurniawan.8A@smp.com', '$2y$12$OL8s7i6KU6C5XlmQA5Xj6eOCFzZ5xLZqs1WPgQ4OuiHZ4VtnKbgHS', '2026-01-07 05:01:51', '2026-01-07 05:01:51'),
(97, 3, 'Kiki Rahmawati', 'kiki.rahmawati.8A@smp.com', '$2y$12$1oiCgrmYg4/TTqBVtt9BquWdBXQ3cmq/EIYCZH00KNKh/IkVRGvOK', '2026-01-07 05:01:52', '2026-01-07 05:01:52'),
(98, 3, 'Umi Kalsum', 'umi.kalsum.8A@smp.com', '$2y$12$x0riXyqFkOiJvcv1YwBbbOQ2Y4INp4/26yT1RA1hANN5VKG5lwwvS', '2026-01-07 05:01:52', '2026-01-07 05:01:52'),
(99, 3, 'Hana Safitri', 'hana.safitri.8A@smp.com', '$2y$12$bRcsYBIFw4rF4ZaX.9EVyuzwjyXqbJXCooRnAZQh.kDhz1c66lemO', '2026-01-07 05:01:52', '2026-01-07 05:01:52'),
(100, 3, 'Sari Rahmawati', 'sari.rahmawati.8A@smp.com', '$2y$12$svg0OuUuzQZMYQMyEjUt4.jymPIVeCyxOb7LzrTXR0ZR4jTMKJoNa', '2026-01-07 05:01:52', '2026-01-07 05:01:52'),
(101, 3, 'Vira Handayani', 'vira.handayani.8A@smp.com', '$2y$12$aUHaQRlnpMVjzbyGsi9VvuPV/XYItTQn1MbnTLHj2UJuKBnJj0H96', '2026-01-07 05:01:53', '2026-01-07 05:01:53'),
(102, 3, 'Olivia Putri', 'olivia.putri.8A@smp.com', '$2y$12$AyzTy.ztG1VxltrZVZBjRu/v7MFnu/sZTSu3AfwRYvNFKVH1UME0u', '2026-01-07 05:01:53', '2026-01-07 05:01:53'),
(103, 3, 'Ela Silviana', 'ela.silviana.8A@smp.com', '$2y$12$7fGZYvlQ8lpMi76N1hB.tOOWTeO8mH8pN9U4dUjIcHfVfVW9pOxru', '2026-01-07 05:01:53', '2026-01-07 05:01:53'),
(104, 3, 'Maya Anggraini', 'maya.anggraini.8B@smp.com', '$2y$12$F7BAJvvIGpsFpoSvuIU/C.kjLv7CX8kfiMjqEviLjcy9qu32FWVte', '2026-01-07 05:01:53', '2026-01-07 05:01:53'),
(105, 3, 'Santi Rahmawati', 'santi.rahmawati.8B@smp.com', '$2y$12$N8vrPETDzH7JY8LrqAOPCeZ07ASXtWP6OGqywJvkQ5cRpNrEFEA2e', '2026-01-07 05:01:54', '2026-01-07 05:01:54'),
(106, 3, 'Jeni Wulandari', 'jeni.wulandari.8B@smp.com', '$2y$12$.sGJQQmb5UAtX1J8tTdI6.N2SnjkhD6p8by1peTZM/D5MJ/kglpO2', '2026-01-07 05:01:54', '2026-01-07 05:01:54'),
(107, 3, 'Hendra Gunawan', 'hendra.gunawan.8B@smp.com', '$2y$12$7eaMmQo26JCSAkXf5p9Ng./nIMojahNBtuZrBW.c/2wDwoYic.qOq', '2026-01-07 05:01:54', '2026-01-07 05:01:54'),
(108, 3, 'Lukman Hakim', 'lukman.hakim.8B@smp.com', '$2y$12$0M9TKBwupNJOeEwDlGuj1Oy.UYySfW534EryLYlhcHaBRMcvVx3le', '2026-01-07 05:01:54', '2026-01-07 05:01:54'),
(109, 3, 'Meli Kusuma', 'meli.kusuma.8B@smp.com', '$2y$12$KLml/lQlkn079v60Kei2oOQy00c/yqQK51kJ0g2GtTp.zvK7CZ8OW', '2026-01-07 05:01:55', '2026-01-07 05:01:55'),
(110, 3, 'Dinda Lestari', 'dinda.lestari.8B@smp.com', '$2y$12$yMALC8RA52dy4/gEex0MJOVKr0jqZk7OsKV4PodwS8GtCGqa3AfiO', '2026-01-07 05:01:55', '2026-01-07 05:01:55'),
(111, 3, 'Zaskia Nurhaliza', 'zaskia.nurhaliza.8B@smp.com', '$2y$12$HZRd.sH.ExDj4S3bsi9keep1cQeUac3TTjeJuQ7rZ3gQeNHHeaPIi', '2026-01-07 05:01:55', '2026-01-07 05:01:55'),
(112, 3, 'Muhammad Hasan', 'muhammad.hasan.8B@smp.com', '$2y$12$vZ3WTf2qe.pCzy3BDw0c6eBvT8jX0Vi8rWJBNRLCqSajD6.I/EVWi', '2026-01-07 05:01:55', '2026-01-07 05:01:55'),
(113, 3, 'Jihan Safitri', 'jihan.safitri.8B@smp.com', '$2y$12$NmwelIM6IX7ExfyXgfG5ZOlK1SBaoLicu59YFfWjstmVvNICZPyMq', '2026-01-07 05:01:56', '2026-01-07 05:01:56'),
(114, 3, 'Ari Setiawan', 'ari.setiawan.8B@smp.com', '$2y$12$cNqQjitB4zqPJ698xVyMpOhGYXlNoJF6VhugCZAb6X6z/X24EpV1G', '2026-01-07 05:01:56', '2026-01-07 05:01:56'),
(115, 3, 'Wahyu Hidayat', 'wahyu.hidayat.8B@smp.com', '$2y$12$GD.9oG444lLdzJ7b0QV9puZEvCT2Ag5nvD09z6pNCokw0skpRVFUy', '2026-01-07 05:01:56', '2026-01-07 05:01:56'),
(116, 3, 'Ulfa Rahmawati', 'ulfa.rahmawati.8B@smp.com', '$2y$12$NP4d3xhVekzo6mygo4gf9OZqVfQ60qbUe70S3Z5LOuBvmcbz.9Y8.', '2026-01-07 05:01:56', '2026-01-07 05:01:56'),
(117, 3, 'Dani Gunawan', 'dani.gunawan.8B@smp.com', '$2y$12$jzzZ.h8snqY0mGPnYiGHVO6DX5.pDbVplgosAAqDRcsoClWmKOtW2', '2026-01-07 05:01:57', '2026-01-07 05:01:57'),
(118, 3, 'Karina Aini', 'karina.aini.8B@smp.com', '$2y$12$uUbDn8PIoijspTbuwpF79OsUV4X5GcxFSnw1wUIYpSRoLIjBazkfK', '2026-01-07 05:01:57', '2026-01-07 05:01:57'),
(119, 3, 'Riki Firmansyah', 'riki.firmansyah.8C@smp.com', '$2y$12$8VCWc4L27DJhJ8ZSRCInkOZf6rFF1xyFcPTOEeTWC1b307LSx21Vq', '2026-01-07 05:01:57', '2026-01-07 05:01:57'),
(120, 3, 'Farida Aini', 'farida.aini.8C@smp.com', '$2y$12$75oWaowBGLB9nZ1/wqjnX./TkPwM8khagk8szsMFfG3wuTvYna4f.', '2026-01-07 05:01:57', '2026-01-07 05:01:57'),
(121, 3, 'Lukas Adrianto', 'lukas.adrianto.8C@smp.com', '$2y$12$v41lWxH19iFy/XBtBaw9V.WE7qA9f6XT2nTimVcx8GzXTTUGl5eUC', '2026-01-07 05:01:58', '2026-01-07 05:01:58'),
(122, 3, 'Nisa Sabrina', 'nisa.sabrina.8C@smp.com', '$2y$12$w6d39Okef4Okd1w8oL8QVuFCDY.U0lqaizu939XkfrDpf26nyh3sW', '2026-01-07 05:01:58', '2026-01-07 05:01:58'),
(123, 3, 'Omar Hakim', 'omar.hakim.8C@smp.com', '$2y$12$CIw1jcrf0B7YsCKqd.2QreteHUEspC/.FixWvTdzMUQV2MS5EVZuu', '2026-01-07 05:01:58', '2026-01-07 05:01:58'),
(124, 3, 'Koko Pratama', 'koko.pratama.8C@smp.com', '$2y$12$TAXgGY6mT/hiMPryv/P8nO5Vjj458ijmHqJIX21H8uXfs9Z1InJRG', '2026-01-07 05:01:58', '2026-01-07 05:01:58'),
(125, 3, 'Andi Saputra', 'andi.saputra.8C@smp.com', '$2y$12$kxk6kWtdAOnl8A2aVA2ZQ.XmWLuc/uOogdpjIu.Dw.rfGFoycrlC2', '2026-01-07 05:01:58', '2026-01-07 05:01:58'),
(126, 3, 'Nanda Pratama', 'nanda.pratama.8C@smp.com', '$2y$12$ZOwJmHrZLPR0KniXoctTd.kM3q5DvbmQwi8Xdt3FrfnSkARNubOgG', '2026-01-07 05:01:59', '2026-01-07 05:01:59'),
(127, 3, 'Wati Kusuma', 'wati.kusuma.8C@smp.com', '$2y$12$WmqyN5dwQWApM4C9Uq/1iu.VBOcy0Aainknj04Ycv55gs9jkpC43e', '2026-01-07 05:01:59', '2026-01-07 05:01:59'),
(128, 3, 'Feri Saputra', 'feri.saputra.8C@smp.com', '$2y$12$c6cBwvUfgKNzB.WV89MEL.84MyjcWU/Rj6RxtDhDF2XzfUu/fr7ma', '2026-01-07 05:01:59', '2026-01-07 05:01:59'),
(129, 3, 'Beni Prasetyo', 'beni.prasetyo.8C@smp.com', '$2y$12$/Zw.kz7h3plmsn1rpebVG.fTsXkyrOC5IzT7c1oP.ntpH/1bTLalm', '2026-01-07 05:01:59', '2026-01-07 05:01:59'),
(130, 3, 'Dedi Kurniawan', 'dedi.kurniawan.8C@smp.com', '$2y$12$QmOTZ8nNakAmRWSCoY2XJOO6yb24jE/lpdtaeDhb9ZRgXArERDxT2', '2026-01-07 05:02:00', '2026-01-07 05:02:00'),
(131, 3, 'Mita Sari', 'mita.sari.8C@smp.com', '$2y$12$13g0biWuAwTkZLdZAI3A5uldBupeXjCRDe8fQZEkC/EZARopWrZ8y', '2026-01-07 05:02:00', '2026-01-07 05:02:00'),
(132, 3, 'Genta Ramadhan', 'genta.ramadhan.8C@smp.com', '$2y$12$d2M1U3BCcPUyguBiSswUtuwVckRa4KZGf/0op4GIGR2C49R0NpHQC', '2026-01-07 05:02:00', '2026-01-07 05:02:00'),
(133, 3, 'Lani Fadillah', 'lani.fadillah.8C@smp.com', '$2y$12$ZeDbVLO/6fS4X9hwMtZrRe0k7YW4l8152mlM9L9a723hvXa9oFVUK', '2026-01-07 05:02:00', '2026-01-07 05:02:00'),
(134, 3, 'Galih Prasetyo', 'galih.prasetyo.8D@smp.com', '$2y$12$W4bz7CwxjclQf897PHrXZ.QUEq5wrmsLqi0L0.WWrixEHV09uTZTa', '2026-01-07 05:02:01', '2026-01-07 05:02:01'),
(135, 3, 'Udin Setiawan', 'udin.setiawan.8D@smp.com', '$2y$12$z/WJs1R1F6LxIns30Zdsn.fP1dr2d4Ri3HEaHf3Bi2a0YdL0bRA6C', '2026-01-07 05:02:01', '2026-01-07 05:02:01'),
(136, 3, 'Diana Putri', 'diana.putri.8D@smp.com', '$2y$12$gqzTyh7JtTNaohKUVhhj/e1lECZ3I9n86pR/5ofWwDa9tnUhuHiUy', '2026-01-07 05:02:01', '2026-01-07 05:02:01'),
(137, 3, 'Nina Marlina', 'nina.marlina.8D@smp.com', '$2y$12$BzmqpzhQwtMG8UIKG7Ecl.JKDhPVD428Lid9vOS5IBwli6TEscw2i', '2026-01-07 05:02:01', '2026-01-07 05:02:01'),
(138, 3, 'Joko Susanto', 'joko.susanto.8D@smp.com', '$2y$12$Icf7xDUlYedFpA.W5dZq6OuQSKpMVWaxUJ1SaRaazDXWfGG8d8kLi', '2026-01-07 05:02:02', '2026-01-07 05:02:02'),
(139, 3, 'Popi Lestari', 'popi.lestari.8D@smp.com', '$2y$12$4.yrlYxW5e8koBZ5GEZx..1Tun0RgGEQBqP6zXFj/22W5DK8xq2z2', '2026-01-07 05:02:02', '2026-01-07 05:02:02'),
(140, 3, 'Rani Lestari', 'rani.lestari.8D@smp.com', '$2y$12$p9HcPQvmuyJzfSON/FQbUe.xjULpPcg3ta2oy3OJ7zURSpLOCl.qG', '2026-01-07 05:02:02', '2026-01-07 05:02:02'),
(141, 3, 'Kiki Anggara', 'kiki.anggara.8D@smp.com', '$2y$12$vpmXsuwpe1xaK2s/dhqyXO9eV0u5YFfIJEJJt6nxBY6VSjfCw90sW', '2026-01-07 05:02:02', '2026-01-07 05:02:02'),
(142, 3, 'Dimas Prasetya', 'dimas.prasetya.8D@smp.com', '$2y$12$uYHABzJQzR/lPYxhSTgaIuQSCcWXITRw3ohHWsM/jLYTQUxrl52rK', '2026-01-07 05:02:03', '2026-01-07 05:02:03'),
(143, 3, 'Yudi Kurniawan', 'yudi.kurniawan.8D@smp.com', '$2y$12$iXZdacgl82r4UxcFzBUXUeuv57srGNMig2dW5icFJajaiRgM1gqJi', '2026-01-07 05:02:03', '2026-01-07 05:02:03'),
(144, 3, 'Nico Pratama', 'nico.pratama.8D@smp.com', '$2y$12$hzNobLDtjwKtME352PNR1u4rTEhVGx2CuYZQHDd.CtsobcQ3NLl7u', '2026-01-07 05:02:03', '2026-01-07 05:02:03'),
(145, 3, 'Hani Rahmawati', 'hani.rahmawati.8D@smp.com', '$2y$12$LbOUV9kbEgtjPidx.ehro.bK13KNspl7izdjBXTi8uzVaW0fIww1.', '2026-01-07 05:02:03', '2026-01-07 05:02:03'),
(146, 3, 'Zulfa Aini', 'zulfa.aini.8D@smp.com', '$2y$12$BrJao9NlzwnG7PXetkqq5O1rj.05NiBw5gZzQdQseVa0FVb0Z5JDq', '2026-01-07 05:02:03', '2026-01-07 05:02:03'),
(147, 3, 'Taufik Rahman', 'taufik.rahman.8D@smp.com', '$2y$12$40mU4bdsDUhoJT4E5XBR6O4/YhvkQqAEWDdBCo9nbfekt5ZsZv8EO', '2026-01-07 05:02:04', '2026-01-07 05:02:04'),
(148, 3, 'Bunga Melati', 'bunga.melati.8D@smp.com', '$2y$12$u2/L46FolcNd6JojT5onueBL7SfjMSZ9SByZjOaCHCZRnw0dwxq/K', '2026-01-07 05:02:04', '2026-01-07 05:02:04'),
(149, 3, 'Budi Santoso', 'budi.santoso.8E@smp.com', '$2y$12$bJCJvwyHJdHYJybbvlmQpuuiGZmFU2kd8gma2kyRAmBAssC8RqC0G', '2026-01-07 05:02:04', '2026-01-07 05:02:04'),
(150, 3, 'Fitri Handayani', 'fitri.handayani.8E@smp.com', '$2y$12$veEXTwzpoRG3t3EvOjH.V.w/Yukd8cjozno.Xl8lPszXEDEgL1RmK', '2026-01-07 05:02:04', '2026-01-07 05:02:04'),
(151, 3, 'Lina Marlina', 'lina.marlina.8E@smp.com', '$2y$12$yA8uBKLM0nRvXG2XkEG4nula7kf1LkReonDijjYJeJ6HS/zKOKxWy', '2026-01-07 05:02:05', '2026-01-07 05:02:05'),
(152, 3, 'Erni Handayani', 'erni.handayani.8E@smp.com', '$2y$12$71q7koAOQjgW4GK2.4LPl.7u4RiuIDmt6cwWbtwX2GrVhs3tkXoPq', '2026-01-07 05:02:05', '2026-01-07 05:02:05'),
(153, 3, 'Hani Kusuma', 'hani.kusuma.8E@smp.com', '$2y$12$EYTE8QIrVGyfhhrmSVUWbuMLdwY5Sy9EQxjc1RvBuNco2Xik5wuLS', '2026-01-07 05:02:05', '2026-01-07 05:02:05'),
(154, 3, 'Catur Wibowo', 'catur.wibowo.8E@smp.com', '$2y$12$Q4uwD4x6Ev0.9TEXTsD.Y.j8K.8N.XlCe2m9UlNcAikXoNdYdb3Ly', '2026-01-07 05:02:05', '2026-01-07 05:02:05'),
(155, 3, 'Jaya Kusuma', 'jaya.kusuma.8E@smp.com', '$2y$12$Kkq2A71RR.gW1deGOi4JZuHAYNhp.Z/Pv0VhrI.VyzmV.kP5FNrf6', '2026-01-07 05:02:06', '2026-01-07 05:02:06'),
(156, 3, 'Irma Wati', 'irma.wati.8E@smp.com', '$2y$12$zLZP9SxMKoXbtGTgLPJmj.aufrlm6vRPVRqckOJhXLlqHvIQRR3mC', '2026-01-07 05:02:06', '2026-01-07 05:02:06'),
(157, 3, 'Karina Putri', 'karina.putri.8E@smp.com', '$2y$12$qc9i7bWj5Ui2dV0tO08GBeD/XlgCuAzouK1BLiEiZXsrQF9uOwjgK', '2026-01-07 05:02:06', '2026-01-07 05:02:06'),
(158, 3, 'Ayu Wulandari', 'ayu.wulandari.8E@smp.com', '$2y$12$N5gAp2kFOHbE.p2uBbButuSg6pShAUQrNRbtcAX1hf2Ckoy3nyAOS', '2026-01-07 05:02:06', '2026-01-07 05:02:06'),
(159, 3, 'Tari Anggraini', 'tari.anggraini.8E@smp.com', '$2y$12$Y2nr.QRSmoQ8ntu4RIAyDuagSONWH7uT9kxhmWCogt9h8BkKVYN7q', '2026-01-07 05:02:07', '2026-01-07 05:02:07'),
(160, 3, 'Maman Suryadi', 'maman.suryadi.8E@smp.com', '$2y$12$vE7Vr6gwVGOCLuU0mJuGDOt8NIjE1ApYWq0W9g9AgEMyDPLrFIQs2', '2026-01-07 05:02:07', '2026-01-07 05:02:07'),
(161, 3, 'Wanda Safitri', 'wanda.safitri.8E@smp.com', '$2y$12$acbJcZ.tuV4JIglpHPUhPegtEoFx21bR7AMSAXpBUBQZUe8WZFyKG', '2026-01-07 05:02:07', '2026-01-07 05:02:07'),
(162, 3, 'Tina Suryani', 'tina.suryani.8E@smp.com', '$2y$12$OdOyiIpyWrQ5LscgaL9Nnu2XIxwqypWG2TeQcOTJI.J9Alnk3hE06', '2026-01-07 05:02:07', '2026-01-07 05:02:07'),
(163, 3, 'Rikki Prasetyo', 'rikki.prasetyo.8E@smp.com', '$2y$12$KjZvYnUbVYiZiCAS9Zch3ONKQJfcUEOX5FeXdYA83htB4xxa.el3G', '2026-01-07 05:02:07', '2026-01-07 05:02:07'),
(164, 3, 'Siska Dewi', 'siska.dewi.9A@smp.com', '$2y$12$MY9p.O5oiq8SUXrtpasen.PqtMNQ2yzPmqPoaKe4tfUnrAio139Ee', '2026-01-07 05:02:08', '2026-01-07 05:02:08'),
(165, 3, 'Vino Saputra', 'vino.saputra.9A@smp.com', '$2y$12$qSZAss2UBR4zIGuqROi6JOvzQPCGa1bz6HTZeegE3vHUQDSryJyvS', '2026-01-07 05:02:08', '2026-01-07 05:02:08'),
(166, 3, 'Putri Wulandari', 'putri.wulandari.9A@smp.com', '$2y$12$nXfoWNxKVvyURHqiwJvQXuR30oU9V.Qe8iNHjJaziEy/fJMJGMmLG', '2026-01-07 05:02:08', '2026-01-07 05:02:08'),
(167, 3, 'Kartika Sari', 'kartika.sari.9A@smp.com', '$2y$12$MQqOqBWZWu3FkeRP5/4kmOrsiLMkjUeWZZ7Gn8g6pKoIOJ.0cqHe6', '2026-01-07 05:02:08', '2026-01-07 05:02:08'),
(168, 3, 'Bella Wulandari', 'bella.wulandari.9A@smp.com', '$2y$12$JnxrORBrvV/9Rf.KsXzcBOQ29Q6nnoZIn0ipG7Io9FX.rMwvkt4W.', '2026-01-07 05:02:09', '2026-01-07 05:02:09'),
(169, 3, 'Topan Rahman', 'topan.rahman.9A@smp.com', '$2y$12$PI3Ob/VM3oORmb222W74aOy7ZYOpNj0NNEI.tXNHHgoQXBScKA13O', '2026-01-07 05:02:09', '2026-01-07 05:02:09'),
(170, 3, 'Umi Marlina', 'umi.marlina.9A@smp.com', '$2y$12$6PB37mWPkxg0j9OFXv0RVOS.dzHG0y.ckyIdiIkDCemQKT9QfL6Yy', '2026-01-07 05:02:09', '2026-01-07 05:02:09'),
(171, 3, 'Gita Permata', 'gita.permata.9A@smp.com', '$2y$12$SDemm4T0czohza9kXbyvAuq5aGbKUY/o8rSpPdZWzfC/deqjkL.aW', '2026-01-07 05:02:09', '2026-01-07 05:02:09'),
(172, 3, 'Bella Kusuma', 'bella.kusuma.9A@smp.com', '$2y$12$U3GCINO8iAJYUfyGkXHlzurDLH.wn7IJCo.nj8CD1am9WR3vU.qFi', '2026-01-07 05:02:10', '2026-01-07 05:02:10'),
(173, 3, 'Vina Candrawati', 'vina.candrawati.9A@smp.com', '$2y$12$DeT10mhJ8./hkzZ.BpQx6uPDuDoNEwgBZBOmHDeMc5tCvLk.17Tim', '2026-01-07 05:02:10', '2026-01-07 05:02:10'),
(174, 3, 'Zainal Abidin', 'zainal.abidin.9A@smp.com', '$2y$12$F4.JJ2hnfztJR2UJFnAli.BAx/bSTsTGfbYvlsnwRmM/zSUAr57Z6', '2026-01-07 05:02:10', '2026-01-07 05:02:10'),
(175, 3, 'Linda Sari', 'linda.sari.9A@smp.com', '$2y$12$FvGTZBM9Trtn5lpucY8dQOuk1Rd9L9j0VcZO77tEkCOMo2/jNzsVu', '2026-01-07 05:02:10', '2026-01-07 05:02:10'),
(176, 3, 'Eko Prasetyo', 'eko.prasetyo.9A@smp.com', '$2y$12$oENpUKy.e83azCTT3rIOYuw7wGIU8CMazMJzov8rg9wqt4UXjNvfi', '2026-01-07 05:02:10', '2026-01-07 05:02:10'),
(177, 3, 'Tono Wijaya', 'tono.wijaya.9A@smp.com', '$2y$12$H/ibyX5dc8MrrpAnUVF.g.VtR1e3jK/ufK5AVjbjGHmyNqAIlZzRy', '2026-01-07 05:02:11', '2026-01-07 05:02:11'),
(178, 3, 'Qonita Maharani', 'qonita.maharani.9A@smp.com', '$2y$12$DUEyS3ZZOxLmw3P2cGdRhu/GDUPopuafiLeyj8TYRPTm489pFiQne', '2026-01-07 05:02:11', '2026-01-07 05:02:11'),
(179, 3, 'Sari Dewi', 'sari.dewi.9B@smp.com', '$2y$12$aJ1JC6SUdclE7WBlaTLCxeyAt18c9F7U2ONLozk12O47rKA3gYXQC', '2026-01-07 05:02:11', '2026-01-07 05:02:11'),
(180, 3, 'Tomi Kurniawan', 'tomi.kurniawan.9B@smp.com', '$2y$12$RW0A1LoUCDS7wu7bncZu1e74/xXph2ECZjTxb3u3ZXrutMcA45QKy', '2026-01-07 05:02:11', '2026-01-07 05:02:11'),
(181, 3, 'Rara Diastuti', 'rara.diastuti.9B@smp.com', '$2y$12$cLWDFAMKEzyuAdvJUO/XGuV/Hq1JjT4rrL0Yre6sfIKQOsfp2NG5W', '2026-01-07 05:02:12', '2026-01-07 05:02:12'),
(182, 3, 'Gilang Pratama', 'gilang.pratama.9B@smp.com', '$2y$12$ZLmE3Xv1h9ufJkmKpWt6ZeAIsmZLW/EXvJAXRx5xLtUejpyb1FTFy', '2026-01-07 05:02:12', '2026-01-07 05:02:12'),
(183, 3, 'Xena Anjani', 'xena.anjani.9B@smp.com', '$2y$12$pHYarK5EHzke31iY80T7n.REfHUkcXAGCd3SkRil56OLG81Eows8u', '2026-01-07 05:02:12', '2026-01-07 05:02:12'),
(184, 3, 'Yanto Pratama', 'yanto.pratama.9B@smp.com', '$2y$12$XQdVTrLet5en6WoSB4wrreQboWpmwY76Mh2xfhCNon/teeKvLHOZ2', '2026-01-07 05:02:12', '2026-01-07 05:02:12'),
(185, 3, 'Cahyo Wijaya', 'cahyo.wijaya.9B@smp.com', '$2y$12$DV46ndzqVYMFWmteBYwN6u0opcUzk8kopcIGVUg5GuEX/Th3u0TkO', '2026-01-07 05:02:13', '2026-01-07 05:02:13'),
(186, 3, 'Umar Syarif', 'umar.syarif.9B@smp.com', '$2y$12$HNe6R7MjyABJNQ94c0szWecUC6ZSQBX5H9yjjoBmEhLR4iTJ2BYza', '2026-01-07 05:02:13', '2026-01-07 05:02:13'),
(187, 3, 'Dewi Lestari', 'dewi.lestari.9B@smp.com', '$2y$12$4jpsPFKaeipmlRB0TX8Tku6ug.iY4kgsOrFs/2IzkH.0QqsGV0lU.', '2026-01-07 05:02:13', '2026-01-07 05:02:13'),
(188, 3, 'Mira Kusuma', 'mira.kusuma.9B@smp.com', '$2y$12$Enhz9tOT1IePbOSoQt2R6.wdmsLESYhupe1njrHYYF4acDj886VD2', '2026-01-07 05:02:13', '2026-01-07 05:02:13'),
(189, 3, 'Yani Dewi', 'yani.dewi.9B@smp.com', '$2y$12$6hsrgGJWb5Vtql4BaoU4HOy3esNmlIq8.0.83FeVPrFrXhh8Z012C', '2026-01-07 05:02:14', '2026-01-07 05:02:14'),
(190, 3, 'Hadi Saputra', 'hadi.saputra.9B@smp.com', '$2y$12$UhhZxMclzt3xILxXw7Ua5eSMYNs7JD6xrLsMPJBmgkMUL7n9999JS', '2026-01-07 05:02:14', '2026-01-07 05:02:14'),
(191, 3, 'Nurul Aini', 'nurul.aini.9B@smp.com', '$2y$12$wO4K93e9LUwN6k5B5e7lZeoyU9w9PnuAa3nlXX3fZkqE1tXxel3tC', '2026-01-07 05:02:14', '2026-01-07 05:02:14'),
(192, 3, 'Ina Lestari', 'ina.lestari.9B@smp.com', '$2y$12$TfafaTkLkp8WndBe6WeSGeZMwAfxTUQo90i7qQD5k724P82dcBV5i', '2026-01-07 05:02:14', '2026-01-07 05:02:14'),
(193, 3, 'Fahmi Rahman', 'fahmi.rahman.9B@smp.com', '$2y$12$K/3YvjFzHwvNoA00zAVF3eBmkTl6GJ7HUI.fFnIK0z6VtaCMz772K', '2026-01-07 05:02:15', '2026-01-07 05:02:15'),
(194, 3, 'Candra Pratama', 'candra.pratama.9C@smp.com', '$2y$12$ZTRY4l74Q7KFnzk/Hl0oLOBrwbczkkzX9JPzjkh1hmbpb3oLkBSdu', '2026-01-07 05:02:15', '2026-01-07 05:02:15'),
(195, 3, 'Putri Amalina', 'putri.amalina.9C@smp.com', '$2y$12$HCWsJKTt3AdBtRVBJCI5w.lTXuvYlUV5bSGx4UscF7nDsmjmoAyhG', '2026-01-07 05:02:15', '2026-01-07 05:02:15'),
(196, 3, 'Adi Maulana', 'adi.maulana.9C@smp.com', '$2y$12$yTzv2lIqbOzx/ZFwgAywI.fOORZM2Zr8YcVFB0YLUVEggsEq155ae', '2026-01-07 05:02:15', '2026-01-07 05:02:15'),
(197, 3, 'Gina Safitri', 'gina.safitri.9C@smp.com', '$2y$12$sgy7sN6uo8l0xx.W1K8nMuD1R8mR7brQ6IdCLPmNZBQ669NGro/Qi', '2026-01-07 05:02:15', '2026-01-07 05:02:15'),
(198, 3, 'Luki Setiawan', 'luki.setiawan.9C@smp.com', '$2y$12$EjznEKXUML5aGNngnwyQ3ORASG/qcunPwA2YgcCuD5q7gqcH9PDJu', '2026-01-07 05:02:16', '2026-01-07 05:02:16'),
(199, 3, 'Jasmine Azzahra', 'jasmine.azzahra.9C@smp.com', '$2y$12$5LsVTJ3E5oLAreLi.LygI.d54OgsZfE.FKMm7rt95hPhaI1ynOSBK', '2026-01-07 05:02:16', '2026-01-07 05:02:16'),
(200, 3, 'Nani Safitri', 'nani.safitri.9C@smp.com', '$2y$12$bGMp9tDAdkW3OL7vyAO1fO0qzKJ6iYBJRwad6gareG9f0/XTY073C', '2026-01-07 05:02:16', '2026-01-07 05:02:16'),
(201, 3, 'Ardi Prasetyo', 'ardi.prasetyo.9C@smp.com', '$2y$12$Hg1lw9KkTH0SNP2qtpHWKuJ8eBW/dc75zKzj4HsdNGU5qZQYczuWe', '2026-01-07 05:02:16', '2026-01-07 05:02:16'),
(202, 3, 'Novi Marlina', 'novi.marlina.9C@smp.com', '$2y$12$gEpgtqSc.yaLgQFK3uwBwuuQCszX5LQqx9NSiFWBsFPM/xPRzpMYi', '2026-01-07 05:02:17', '2026-01-07 05:02:17'),
(203, 3, 'Citra Dewi', 'citra.dewi.9C@smp.com', '$2y$12$De/CjPJ5f.ozJ4YZ8sqAEu7U88hs4zNzrkp/RekBR4KjtwteJibee', '2026-01-07 05:02:17', '2026-01-07 05:02:17'),
(204, 3, 'Vivi Anggraini', 'vivi.anggraini.9C@smp.com', '$2y$12$mvdDVDQ5tm7LkOAoEMvh8uGWGWsMCeRSiseOMPOkkMltjRJPWzAyC', '2026-01-07 05:02:17', '2026-01-07 05:02:17'),
(205, 3, 'Kiki Marlina', 'kiki.marlina.9C@smp.com', '$2y$12$SBAQqz5YmBuKW.c8EizQauqmne3EV1qF5YcXHax//JYubeu4zl7uy', '2026-01-07 05:02:17', '2026-01-07 05:02:17'),
(206, 3, 'Kevin Anggara', 'kevin.anggara.9C@smp.com', '$2y$12$Uw.ovk2MiCkbo6.yvNNyZOr4hAgmnjO/8OGu.Z1fc9Tr3.4Oblt9W', '2026-01-07 05:02:18', '2026-01-07 05:02:18'),
(207, 3, 'Peni Kusuma', 'peni.kusuma.9C@smp.com', '$2y$12$c1g9WGInhZxll2mhM6UYzeWVfq6U1qqsyH.RDws6QiEgETBCj3a0u', '2026-01-07 05:02:18', '2026-01-07 05:02:18'),
(208, 3, 'Sinta Dewi', 'sinta.dewi.9C@smp.com', '$2y$12$54yr15xsQJaOCalI/YlojuSt4VKM3domdFS1RhzY0iv7o5Y8ex0SC', '2026-01-07 05:02:18', '2026-01-07 05:02:18'),
(209, 3, 'Oki Setiawan', 'oki.setiawan.9D@smp.com', '$2y$12$eHEX2P7tNINwaWlG9h31wuB8F9AFXwgC13fjw5/EqQv2L8M2vUWq6', '2026-01-07 05:02:18', '2026-01-07 05:02:18'),
(210, 3, 'Vira Maharani', 'vira.maharani.9D@smp.com', '$2y$12$CQpz2TzEP10b8CzgYcsmHem0XGHmnEfUHig1mop1m7RtIT0KhVR5a', '2026-01-07 05:02:19', '2026-01-07 05:02:19'),
(211, 3, 'Fina Rahmawati', 'fina.rahmawati.9D@smp.com', '$2y$12$VOB0NdFS5sIXwuCt55tUwOFkM1PxihqwNoCMbyZJkoD2fq9n07VUS', '2026-01-07 05:02:19', '2026-01-07 05:02:19'),
(212, 3, 'Eko Ramadhan', 'eko.ramadhan.9D@smp.com', '$2y$12$L3anegzdL6ew/4abA1JmM.p/ZYdwvyXcXi0Rqi8N1x7ODDCxBMfQy', '2026-01-07 05:02:19', '2026-01-07 05:02:19'),
(213, 3, 'Wulan Safitri', 'wulan.safitri.9D@smp.com', '$2y$12$SV8cbrsdPjiIS6uH8Rz3JuyHUfpB11/c2KrufCPQewlnpCuyHx9a6', '2026-01-07 05:02:19', '2026-01-07 05:02:19'),
(214, 3, 'Irfan Maulana', 'irfan.maulana.9D@smp.com', '$2y$12$xQ7so9MOzeLYRAO.coUWOefOi0qIrutxfGZy1i3qvHre2.12/UFoC', '2026-01-07 05:02:19', '2026-01-07 05:02:19'),
(215, 3, 'Vera Marlina', 'vera.marlina.9D@smp.com', '$2y$12$iADCcHlvuhFTTtEnrUaJKOITFqPVFCE1LUdz9ZjxN4f34zIh6pH3u', '2026-01-07 05:02:20', '2026-01-07 05:02:20'),
(216, 3, 'Siti Rahayu', 'siti.rahayu.9D@smp.com', '$2y$12$gtsvSCI3pu3CGWNZJSZvmOni90M4AKQav0x.6GZ10zJqSigh/UhdW', '2026-01-07 05:02:20', '2026-01-07 05:02:20'),
(217, 3, 'Nani Lestari', 'nani.lestari.9D@smp.com', '$2y$12$m.3Bqhdb24Ef8Jblayiv7OGegtqTpd.e0BuNCo1AUZxwqi7aSpef6', '2026-01-07 05:02:20', '2026-01-07 05:02:20'),
(218, 3, 'Zahra Amelia', 'zahra.amelia.9D@smp.com', '$2y$12$CFve2j2HXvOS6KHqI8u57OgO5RbEin6FMiB2kmH9YRIZ88a.TBk2.', '2026-01-07 05:02:20', '2026-01-07 05:02:20'),
(219, 3, 'Ika Fitriani', 'ika.fitriani.9D@smp.com', '$2y$12$gOhZRGu1Zh5F173OZ3Lx9eWLPb4y/Zx3pFuaEKqERamYB1tNgtR5C', '2026-01-07 05:02:21', '2026-01-07 05:02:21'),
(220, 3, 'Ima Rahmawati', 'ima.rahmawati.9D@smp.com', '$2y$12$rbyMdQxwMEMmSCxN18nA1uy32.OaqzkMMxrM2NWEuwJuzJzNk39RO', '2026-01-07 05:02:21', '2026-01-07 05:02:21'),
(221, 3, 'Eko Setiawan', 'eko.setiawan.9D@smp.com', '$2y$12$YorkPIlwbelrlnTiHat6JOOdHGVn8vGNzxLtZk4kf.3OBz.IDLiUi', '2026-01-07 05:02:21', '2026-01-07 05:02:21'),
(222, 3, 'Fani Wulandari', 'fani.wulandari.9D@smp.com', '$2y$12$yKUXMMCuWR9xx0iGp4JWWuG3brdCJmzSyT6ubGnRZXYGydTX1V7Sy', '2026-01-07 05:02:21', '2026-01-07 05:02:21'),
(223, 3, 'Ahmad Fauzi', 'ahmad.fauzi.9D@smp.com', '$2y$12$CHzWeKqrOOwEF5s17K1pHu/oK9/lxrrSVP/nrw0vbp03Vs4f6XxHy', '2026-01-07 05:02:22', '2026-01-07 05:02:22'),
(224, 3, 'Dini Handayani', 'dini.handayani.9E@smp.com', '$2y$12$8/nfqp.P.SPV0ipRo2XqO.7rd4NmB5UgIjJMK1vnhl06e4pKvcrey', '2026-01-07 05:02:22', '2026-01-07 05:02:22'),
(225, 3, 'Fero Andika', 'fero.andika.9E@smp.com', '$2y$12$6vQJuJx1yMPQsME6k6BILu2RvTBScHP3lJOhETt9weSvfU7HFPmY6', '2026-01-07 05:02:22', '2026-01-07 05:02:22'),
(226, 3, 'Yuki Permata', 'yuki.permata.9E@smp.com', '$2y$12$0dHyL2Z15oz7PXmlTVMF0u2/539eYOydlDjM2uQrUa558/uUQO1bi', '2026-01-07 05:02:22', '2026-01-07 05:02:22'),
(227, 3, 'Pandu Setiawan', 'pandu.setiawan.9E@smp.com', '$2y$12$uh9WWHtg683ahGOSMBHYdu1SE3gaxHuThph0DaNNA21g0tYRJ4fQu', '2026-01-07 05:02:23', '2026-01-07 05:02:23'),
(228, 3, 'Oki Firmansyah', 'oki.firmansyah.9E@smp.com', '$2y$12$Q6.hJBlZFPudwQkJm1Kppug39EPvWRk4kXyRZHgpWIkLPaFTkCzIm', '2026-01-07 05:02:23', '2026-01-07 05:02:23'),
(229, 3, 'Bima Pratama', 'bima.pratama.9E@smp.com', '$2y$12$5yGwgeXBddKdM.dmdZkYv.6ovlPhUiDVJqO0jJLQxfoccNgP1WvsC', '2026-01-07 05:02:23', '2026-01-07 05:02:23'),
(230, 3, 'Agung Saputra', 'agung.saputra.9E@smp.com', '$2y$12$kM.Sjyte/Zz8tJq9JuMukePKccP/rkHtnowHU4MpeJ31z1Z417sWq', '2026-01-07 05:02:23', '2026-01-07 05:02:23'),
(231, 3, 'Yanti Lestari', 'yanti.lestari.9E@smp.com', '$2y$12$CBukrqzXL2CHjVwEs3deFeMiScxbqBV/J.u09un7ALnZPEls8aJbq', '2026-01-07 05:02:24', '2026-01-07 05:02:24'),
(232, 3, 'Sandi Firmansyah', 'sandi.firmansyah.9E@smp.com', '$2y$12$RzOdaM.1PkfMEyaaZA3zuOkEr6fhuIPcQwsSiu3xF/2Y/oCtJLZUG', '2026-01-07 05:02:24', '2026-01-07 05:02:24'),
(233, 3, 'Maman Gunawan', 'maman.gunawan.9E@smp.com', '$2y$12$ioKTQygk78.vRnS1fyhyAujPcYNIftt92St2lGOMfBSgzI5pg7.3y', '2026-01-07 05:02:24', '2026-01-07 05:02:24'),
(234, 3, 'Hani Fadillah', 'hani.fadillah.9E@smp.com', '$2y$12$N2uhx4S6cFGJ6/ERL2E/J.7PiwuhGDz1m.I9SAO8102AGJOnk9pSC', '2026-01-07 05:02:24', '2026-01-07 05:02:24'),
(235, 3, 'Heru Gunawan', 'heru.gunawan.9E@smp.com', '$2y$12$MOiOCyYQGJ95rCxIPE1/WOdLn3/7GA/eywwckLC4H/m17fPnTClwm', '2026-01-07 05:02:25', '2026-01-07 05:02:25'),
(236, 3, 'Xavier Wijaya', 'xavier.wijaya.9E@smp.com', '$2y$12$8qQKbwN0XynJPCVYY4uj8eobuUvfJjlSAoAyqv5aDlq1a0iQhFRc.', '2026-01-07 05:02:25', '2026-01-07 05:02:25'),
(237, 3, 'Fajar Nugroho', 'fajar.nugroho.9E@smp.com', '$2y$12$d2p6YfvJNxHvUv6AaObiQOhJBRKSwrciT0xgdP2OW99XpnR1aW2zq', '2026-01-07 05:02:25', '2026-01-07 05:02:25'),
(238, 3, 'Vicky Setiawan', 'vicky.setiawan.9E@smp.com', '$2y$12$LM2TdBu5vG5ZV.NPGUfwLe1mDzQLfCWs6Jwi79cfClm3aQbWIt8R2', '2026-01-07 05:02:25', '2026-01-07 05:02:25');

--
-- Indexes for dumped tables
--

--
-- Indexes for table `failed_jobs`
--
ALTER TABLE `failed_jobs`
  ADD PRIMARY KEY (`id_failed_jobs`),
  ADD UNIQUE KEY `failed_jobs_uuid_unique` (`uuid`);

--
-- Indexes for table `gurus`
--
ALTER TABLE `gurus`
  ADD PRIMARY KEY (`id_guru`),
  ADD KEY `gurus_id_mata_pelajaran_foreign` (`id_mata_pelajaran`),
  ADD KEY `gurus_id_user_foreign` (`id_user`);

--
-- Indexes for table `hasil_ujians`
--
ALTER TABLE `hasil_ujians`
  ADD PRIMARY KEY (`id_hasil_ujian`),
  ADD KEY `hasil_ujians_id_ujian_foreign` (`id_ujian`),
  ADD KEY `hasil_ujians_id_siswa_foreign` (`id_siswa`);

--
-- Indexes for table `jadwal_ujians`
--
ALTER TABLE `jadwal_ujians`
  ADD PRIMARY KEY (`id_jadwal_ujian`),
  ADD KEY `jadwal_ujians_id_ujian_foreign` (`id_ujian`),
  ADD KEY `jadwal_ujians_id_kelas_foreign` (`id_kelas`);

--
-- Indexes for table `jawaban_siswa`
--
ALTER TABLE `jawaban_siswa`
  ADD PRIMARY KEY (`id_jawaban_siswa`),
  ADD KEY `jawaban_siswa_id_ujian_foreign` (`id_ujian`),
  ADD KEY `jawaban_siswa_id_siswa_foreign` (`id_siswa`),
  ADD KEY `jawaban_siswa_id_soal_foreign` (`id_soal`);

--
-- Indexes for table `kelas`
--
ALTER TABLE `kelas`
  ADD PRIMARY KEY (`id_kelas`);

--
-- Indexes for table `laporan_ujian`
--
ALTER TABLE `laporan_ujian`
  ADD PRIMARY KEY (`id_laporan_ujian`),
  ADD KEY `laporan_ujian_id_hasil_ujian_foreign` (`id_hasil_ujian`);

--
-- Indexes for table `login_activities`
--
ALTER TABLE `login_activities`
  ADD PRIMARY KEY (`id`),
  ADD KEY `login_activities_id_user_foreign` (`id_user`),
  ADD KEY `login_activities_id_role_foreign` (`id_role`);

--
-- Indexes for table `mata_pelajaran`
--
ALTER TABLE `mata_pelajaran`
  ADD PRIMARY KEY (`id_mata_pelajaran`);

--
-- Indexes for table `migrations`
--
ALTER TABLE `migrations`
  ADD PRIMARY KEY (`id`);

--
-- Indexes for table `nilai_ujian`
--
ALTER TABLE `nilai_ujian`
  ADD PRIMARY KEY (`id_nilai_ujian`),
  ADD KEY `nilai_ujian_id_ujian_foreign` (`id_ujian`),
  ADD KEY `nilai_ujian_id_siswa_foreign` (`id_siswa`);

--
-- Indexes for table `password_reset_tokens`
--
ALTER TABLE `password_reset_tokens`
  ADD PRIMARY KEY (`email`);

--
-- Indexes for table `pengumuman`
--
ALTER TABLE `pengumuman`
  ADD PRIMARY KEY (`id_pengumuman`);

--
-- Indexes for table `permissions`
--
ALTER TABLE `permissions`
  ADD PRIMARY KEY (`id_permission`);

--
-- Indexes for table `personal_access_tokens`
--
ALTER TABLE `personal_access_tokens`
  ADD PRIMARY KEY (`id_personal_access_token`),
  ADD UNIQUE KEY `personal_access_tokens_token_unique` (`token`),
  ADD KEY `personal_access_tokens_tokenable_type_tokenable_id_index` (`tokenable_type`,`tokenable_id`);

--
-- Indexes for table `roles`
--
ALTER TABLE `roles`
  ADD PRIMARY KEY (`id_role`);

--
-- Indexes for table `role_permission`
--
ALTER TABLE `role_permission`
  ADD PRIMARY KEY (`id_role_permission`),
  ADD KEY `role_permission_id_role_foreign` (`id_role`),
  ADD KEY `role_permission_id_permission_foreign` (`id_permission`);

--
-- Indexes for table `siswas`
--
ALTER TABLE `siswas`
  ADD PRIMARY KEY (`id_siswa`),
  ADD UNIQUE KEY `siswas_nisn_unique` (`nisn`),
  ADD KEY `siswas_id_kelas_foreign` (`id_kelas`),
  ADD KEY `siswas_id_user_foreign` (`id_user`);

--
-- Indexes for table `soal`
--
ALTER TABLE `soal`
  ADD PRIMARY KEY (`id_soal`),
  ADD KEY `soal_id_ujian_foreign` (`id_ujian`);

--
-- Indexes for table `ujians`
--
ALTER TABLE `ujians`
  ADD PRIMARY KEY (`id_ujian`),
  ADD KEY `ujians_id_guru_foreign` (`id_guru`),
  ADD KEY `ujians_id_mata_pelajaran_foreign` (`id_mata_pelajaran`),
  ADD KEY `ujians_id_kelas_foreign` (`id_kelas`);

--
-- Indexes for table `users`
--
ALTER TABLE `users`
  ADD PRIMARY KEY (`id_user`),
  ADD UNIQUE KEY `users_email_unique` (`email`),
  ADD KEY `users_id_role_foreign` (`id_role`);

--
-- AUTO_INCREMENT for dumped tables
--

--
-- AUTO_INCREMENT for table `failed_jobs`
--
ALTER TABLE `failed_jobs`
  MODIFY `id_failed_jobs` bigint UNSIGNED NOT NULL AUTO_INCREMENT;

--
-- AUTO_INCREMENT for table `hasil_ujians`
--
ALTER TABLE `hasil_ujians`
  MODIFY `id_hasil_ujian` bigint UNSIGNED NOT NULL AUTO_INCREMENT;

--
-- AUTO_INCREMENT for table `jadwal_ujians`
--
ALTER TABLE `jadwal_ujians`
  MODIFY `id_jadwal_ujian` bigint UNSIGNED NOT NULL AUTO_INCREMENT;

--
-- AUTO_INCREMENT for table `jawaban_siswa`
--
ALTER TABLE `jawaban_siswa`
  MODIFY `id_jawaban_siswa` bigint UNSIGNED NOT NULL AUTO_INCREMENT;

--
-- AUTO_INCREMENT for table `kelas`
--
ALTER TABLE `kelas`
  MODIFY `id_kelas` bigint UNSIGNED NOT NULL AUTO_INCREMENT, AUTO_INCREMENT=16;

--
-- AUTO_INCREMENT for table `laporan_ujian`
--
ALTER TABLE `laporan_ujian`
  MODIFY `id_laporan_ujian` bigint UNSIGNED NOT NULL AUTO_INCREMENT;

--
-- AUTO_INCREMENT for table `login_activities`
--
ALTER TABLE `login_activities`
  MODIFY `id` bigint UNSIGNED NOT NULL AUTO_INCREMENT;

--
-- AUTO_INCREMENT for table `mata_pelajaran`
--
ALTER TABLE `mata_pelajaran`
  MODIFY `id_mata_pelajaran` bigint UNSIGNED NOT NULL AUTO_INCREMENT, AUTO_INCREMENT=11;

--
-- AUTO_INCREMENT for table `migrations`
--
ALTER TABLE `migrations`
  MODIFY `id` int UNSIGNED NOT NULL AUTO_INCREMENT, AUTO_INCREMENT=22;

--
-- AUTO_INCREMENT for table `nilai_ujian`
--
ALTER TABLE `nilai_ujian`
  MODIFY `id_nilai_ujian` bigint UNSIGNED NOT NULL AUTO_INCREMENT;

--
-- AUTO_INCREMENT for table `pengumuman`
--
ALTER TABLE `pengumuman`
  MODIFY `id_pengumuman` bigint UNSIGNED NOT NULL AUTO_INCREMENT;

--
-- AUTO_INCREMENT for table `permissions`
--
ALTER TABLE `permissions`
  MODIFY `id_permission` bigint UNSIGNED NOT NULL AUTO_INCREMENT, AUTO_INCREMENT=14;

--
-- AUTO_INCREMENT for table `personal_access_tokens`
--
ALTER TABLE `personal_access_tokens`
  MODIFY `id_personal_access_token` bigint UNSIGNED NOT NULL AUTO_INCREMENT;

--
-- AUTO_INCREMENT for table `roles`
--
ALTER TABLE `roles`
  MODIFY `id_role` bigint UNSIGNED NOT NULL AUTO_INCREMENT, AUTO_INCREMENT=4;

--
-- AUTO_INCREMENT for table `role_permission`
--
ALTER TABLE `role_permission`
  MODIFY `id_role_permission` bigint UNSIGNED NOT NULL AUTO_INCREMENT, AUTO_INCREMENT=22;

--
-- AUTO_INCREMENT for table `siswas`
--
ALTER TABLE `siswas`
  MODIFY `id_siswa` bigint UNSIGNED NOT NULL AUTO_INCREMENT, AUTO_INCREMENT=226;

--
-- AUTO_INCREMENT for table `soal`
--
ALTER TABLE `soal`
  MODIFY `id_soal` bigint UNSIGNED NOT NULL AUTO_INCREMENT;

--
-- AUTO_INCREMENT for table `ujians`
--
ALTER TABLE `ujians`
  MODIFY `id_ujian` bigint UNSIGNED NOT NULL AUTO_INCREMENT;

--
-- AUTO_INCREMENT for table `users`
--
ALTER TABLE `users`
  MODIFY `id_user` bigint UNSIGNED NOT NULL AUTO_INCREMENT, AUTO_INCREMENT=239;

--
-- Constraints for dumped tables
--

--
-- Constraints for table `gurus`
--
ALTER TABLE `gurus`
  ADD CONSTRAINT `gurus_id_mata_pelajaran_foreign` FOREIGN KEY (`id_mata_pelajaran`) REFERENCES `mata_pelajaran` (`id_mata_pelajaran`),
  ADD CONSTRAINT `gurus_id_user_foreign` FOREIGN KEY (`id_user`) REFERENCES `users` (`id_user`) ON DELETE CASCADE;

--
-- Constraints for table `hasil_ujians`
--
ALTER TABLE `hasil_ujians`
  ADD CONSTRAINT `hasil_ujians_id_siswa_foreign` FOREIGN KEY (`id_siswa`) REFERENCES `siswas` (`id_siswa`) ON DELETE CASCADE,
  ADD CONSTRAINT `hasil_ujians_id_ujian_foreign` FOREIGN KEY (`id_ujian`) REFERENCES `ujians` (`id_ujian`) ON DELETE CASCADE;

--
-- Constraints for table `jadwal_ujians`
--
ALTER TABLE `jadwal_ujians`
  ADD CONSTRAINT `jadwal_ujians_id_kelas_foreign` FOREIGN KEY (`id_kelas`) REFERENCES `kelas` (`id_kelas`),
  ADD CONSTRAINT `jadwal_ujians_id_ujian_foreign` FOREIGN KEY (`id_ujian`) REFERENCES `ujians` (`id_ujian`);

--
-- Constraints for table `jawaban_siswa`
--
ALTER TABLE `jawaban_siswa`
  ADD CONSTRAINT `jawaban_siswa_id_siswa_foreign` FOREIGN KEY (`id_siswa`) REFERENCES `siswas` (`id_siswa`),
  ADD CONSTRAINT `jawaban_siswa_id_soal_foreign` FOREIGN KEY (`id_soal`) REFERENCES `soal` (`id_soal`),
  ADD CONSTRAINT `jawaban_siswa_id_ujian_foreign` FOREIGN KEY (`id_ujian`) REFERENCES `ujians` (`id_ujian`);

--
-- Constraints for table `laporan_ujian`
--
ALTER TABLE `laporan_ujian`
  ADD CONSTRAINT `laporan_ujian_id_hasil_ujian_foreign` FOREIGN KEY (`id_hasil_ujian`) REFERENCES `hasil_ujians` (`id_hasil_ujian`) ON DELETE CASCADE;

--
-- Constraints for table `login_activities`
--
ALTER TABLE `login_activities`
  ADD CONSTRAINT `login_activities_id_role_foreign` FOREIGN KEY (`id_role`) REFERENCES `roles` (`id_role`) ON DELETE CASCADE,
  ADD CONSTRAINT `login_activities_id_user_foreign` FOREIGN KEY (`id_user`) REFERENCES `users` (`id_user`) ON DELETE CASCADE;

--
-- Constraints for table `nilai_ujian`
--
ALTER TABLE `nilai_ujian`
  ADD CONSTRAINT `nilai_ujian_id_siswa_foreign` FOREIGN KEY (`id_siswa`) REFERENCES `siswas` (`id_siswa`),
  ADD CONSTRAINT `nilai_ujian_id_ujian_foreign` FOREIGN KEY (`id_ujian`) REFERENCES `ujians` (`id_ujian`);

--
-- Constraints for table `role_permission`
--
ALTER TABLE `role_permission`
  ADD CONSTRAINT `role_permission_id_permission_foreign` FOREIGN KEY (`id_permission`) REFERENCES `permissions` (`id_permission`) ON DELETE CASCADE,
  ADD CONSTRAINT `role_permission_id_role_foreign` FOREIGN KEY (`id_role`) REFERENCES `roles` (`id_role`) ON DELETE CASCADE;

--
-- Constraints for table `siswas`
--
ALTER TABLE `siswas`
  ADD CONSTRAINT `siswas_id_kelas_foreign` FOREIGN KEY (`id_kelas`) REFERENCES `kelas` (`id_kelas`),
  ADD CONSTRAINT `siswas_id_user_foreign` FOREIGN KEY (`id_user`) REFERENCES `users` (`id_user`) ON DELETE CASCADE;

--
-- Constraints for table `soal`
--
ALTER TABLE `soal`
  ADD CONSTRAINT `soal_id_ujian_foreign` FOREIGN KEY (`id_ujian`) REFERENCES `ujians` (`id_ujian`);

--
-- Constraints for table `ujians`
--
ALTER TABLE `ujians`
  ADD CONSTRAINT `ujians_id_guru_foreign` FOREIGN KEY (`id_guru`) REFERENCES `gurus` (`id_guru`) ON DELETE CASCADE,
  ADD CONSTRAINT `ujians_id_kelas_foreign` FOREIGN KEY (`id_kelas`) REFERENCES `kelas` (`id_kelas`),
  ADD CONSTRAINT `ujians_id_mata_pelajaran_foreign` FOREIGN KEY (`id_mata_pelajaran`) REFERENCES `mata_pelajaran` (`id_mata_pelajaran`);

--
-- Constraints for table `users`
--
ALTER TABLE `users`
  ADD CONSTRAINT `users_id_role_foreign` FOREIGN KEY (`id_role`) REFERENCES `roles` (`id_role`) ON DELETE SET NULL;
COMMIT;

/*!40101 SET CHARACTER_SET_CLIENT=@OLD_CHARACTER_SET_CLIENT */;
/*!40101 SET CHARACTER_SET_RESULTS=@OLD_CHARACTER_SET_RESULTS */;
/*!40101 SET COLLATION_CONNECTION=@OLD_COLLATION_CONNECTION */;
